Nr,surname,forename
0001,LAIDONER,Johan
0002,SOOTS,Jaan
0003,LARKA,Andres
0004,TÕNISSON,Aleksander
0005,PÕDDER,Ernst-Johannes
0006,PUSKAR,Viktor-Hugo
0007,PITKA,Johan
0008,REIMANN,Rudolf-Johannes
0009,PARTS,Karl
0010,RINK,Jaan
0011,LILL,Paul-Adolf
0012,LOSSMANN,Arthur-Alexander
0013,PÄTS,Konstantin
0014,POSKA,Jaan
0015,UNT,Johan
0016,KANN,Peeter
0017,VAHTRAMÄE,Hendrik
0018,LEHTMETS,Eduard-Julius
0019,IVANOV,Feodor
0020,MUTRA,August-Eduard
0021,PAGAR,Johannes
0022,KOOV,Johan
0023,HIOB,Richard-Eduard
0024,HURSTEL,R.
0025,MÄND,Johannes
0026,RUUSMAA,August
0027,JOHANSON,Eduard
0028,LEETS,Nikolai
0029,VALDMANN,Hans
0030,KANASAAR,Peeter-Victor
0031,KÜBAR,Rudolf
0032,NÕMMIK,Martin
0033,UUE,Aleksander
0034,MÜLLER,Nikolai-Aleksander
0035,TÕNSON,Hans
0036,JÜRVETSON,Voldemar
0037,OTSA,Tavid
0038,ROST,Georg-Aleksander
0039,JÜRIS,Johan
0040,VALDMANN,Arnold-Friedrich
0041,KLEMENT,Daniel-Rudolf
0042,LEKSTEIN,Mihkel
0043,KUUSIK,Edgar-Johann
0044,TEDRE,Hermann-Rudolf
0045,MÄGI,Juhan
0046,PRISKE,Jüri
0047,LÕOKE,Konstantin
0048,GRANT,Johannes
0049,LELL,Nikolai
0050,NURKLIK,Gustav
0051,VALLER,Mihkel
0052,TILLING,Hartvig
0053,WALLER,Joosep
0054,KLAMAS,Johannes
0055,TÄNAV,Ernst-Alfred
0056,HEIN,Tiido
0057,VEINBERG,August
0058,PRUUL,Kaarel
0059,SILDAM,Joosep
0060,KEDDER,Johannes
0061,REI,Elmar
0062,VIIL,Eduard-Ferdi
0063,LEPP,Jaan
0064,TILGRE,Aleksander-Robert
0065,ASMUS,Peeter
0066,TESLON,Edgar-Paul-Ernst
0067,REINBERG,Richard-Heinrich
0068,VASSERMANN,Teodor
0069,TALISTE,Valter-Andreas-Georg
0070,KASE,Johan-Leonhard
0071,UNT,Mart
0072,PINKA,Herbert-Karl
0073,ADELBERG,Friedrich-Oskar
0074,SOONPÄÄ,Eduard
0075,JUURISMA,Adrian-Endrek
0076,PIHLAK,Alfred
0077,PIILMANN,Mihkel
0078,SUUR,Arnold
0079,MÄND,Oskar
0080,JÕERAND,Mart
0081,PONTAK,Alfred
0082,RAMMO,Bruno
0083,JÜRGEN,Jüri
0084,KÜLMHALLIK,Martin
0085,MUIDE,Rudolf
0086,PUUSTUS,Eduard-Johannes
0087,REBANE,Richard
0088,MAKKAR,Hugo
0089,PAREL,Enn
0090,KORSAAR,Mihkel
0091,LUIGA,Aleksander
0092,MAARITS,August
0093,TEDER,Nikolai
0094,KÜLAOTS,Leonhard-Johannes
0095,KRUUSE,Karl-Voldemar
0096,MADISTE,Konstantin
0097,MEREMAA,Priidu
0098,AALBERG,Tõnu-Voldemar
0099,KALDA,Karl
0100,KÕRTSMIK,Mihail
0101,KENOWER,F. C.
0102,HOLSTI,Eino Rudolf Woldemar
0103,STÅHLBERG,Kaarlo Juho
0104,ERICH,Rafael Waldemar
0105,NEPS,Eduard-Jakob
0106,UNT,Jaan
0107,LUIGA,Oskar
0108,OLDEKOP,Johannes-Adelbert
0109,RISTOJA,Jaan
0110,SIIMANN,August-Voldemar
0111,MAHNKE,Arthur-Georg-Richard
0112,KADAK,Karl
0113,PINKA,Friedrich-Karl
0114,KIISVEK,Martin
0115,JANTOV,Jüri
0116,ROHI,Jaan
0117,HENNO,Mihkel
0118,SEPP,Riidu
0119,LAAS,Mihkel
0120,KUUL,Roman
0121,GRÜNBERG,Voldemar
0122,SUUSIK,Johannes-Andreas
0123,LIPAND,Harald
0124,SELTER,Priidik
0125,ALLIKMÄE,Aleksander
0126,TERAS,Voldemar
0127,SAVIAUK,Aleksander
0128,RUISO,Jaan
0129,LAUTER,Predik
0130,AINISON,Peeter-Nikolai
0131,NORMET,Jaan
0132,JOHANSON,Mihkel
0133,VIIRMAA,Richard-Heinrich
0134,PAULSEN,Karl-August-Ferdinand
0135,MAISTE,Aleksander
0136,BALIN,Aleksander
0137,VAHKAL,Karl
0138,KOIK,Ants
0139,TOHVER,Mihkel
0140,PUKSOV,Richard
0141,ROOSI,Mihkel
0142,SIIG,Anton
0143,SARNITS,Edgar-Alexander
0144,HOLLAND,Johannes-Voldemar
0145,WETTER-ROSENTHAL,Hellmuth-Carl-Ernst von
0146,GLOY,Georg-Eduard-Joachim-Adolph
0147,KIKERPILL,Karl
0148,RASS,Jakob
0149,HÜPPLER,Edmund-Rudolf
0150,STERN,Karl-Johannes
0151,KASK,Peeter-Johann
0152,USIN,Jaan
0153,JANSEN,Juhan
0154,ERIKSON,Andrei
0155,VALGE,Alfred-Aleksander
0156,LINK,Eduard
0157,JAANBERG,Aleksander-Albert
0158,RIKMA,Johannes
0159,SAARIO,Hugo
0160,MÄEPÕLD,Martin-Johannes
0161,MEEME,Juhan
0162,RÄTSNIK,Oskar
0163,VOOL,Abel
0164,ROO,Aleksander
0165,VAGA,Kustav
0166,POLLUKS,Jakob
0167,NORMAK,Otto-Lembit
0168,RAUDSOO,August
0169,OLMBERG,Eduard-Albert
0170,METS,Jaan
0171,VENDE,Jakob
0172,SEIMAN,Aleksander
0173,LARETEI,Heinrich
0174,LIIVAK,Viktor
0175,REMMEL,Johannes
0176,JÄRVELAID,Aleksander
0177,PENT,Jaan
0178,RÕUK,Hans
0179,URKE,Jakob
0180,SAARNAK,Andrei
0181,KASK,Rudolf-Johannes
0182,KLIMBEK,Jaan
0183,OJANGU,Aleksander
0184,ZOVO,Karl
0185,REIMETS,Eduard-Julius
0186,BELJAKOV,Peeter
0187,PONTUS,Otto
0188,SALLA,Richard-Alexander
0189,KAHRO,Otto-Karl
0190,LUHA,Eduard
0191,LENSMENT,Johann
0192,PÜTT,Jaan
0193,SALEP,Arthur-Heinrich
0194,NIITME,Heino
0195,NÕU,Bernhard
0196,ROOTSI,Johannes
0197,KÄRME,Mihail
0198,RANDLA,Aleksander
0199,KESKSALU,Jakob
0200,KASK,Voldemar
0201,RAND,Karl
0202,ANDRESSON,Aleksander
0203,MULDMA,Magnus
0204,VIMM,Jakob
0205,VÖHRMANN,Arnold-Joosep
0206,HANSTEIN,Balder
0207,BERNARD,Ernst-Johannes
0208,EINSTRUK,Eduard-Romanus
0209,RANDMAA,Johannes
0210,NAELASTE,Jüri
0211,ENDEMANN,Jüri
0212,KOSK,Rudolf-Eduard
0213,SOO,Johannes
0214,MAIDE,Johannes-Voldemar
0215,VILJAK,Johannes
0216,LUTS,Julius
0217,MURDE,Jaan
0218,POMMER,Jakob
0219,KIPPER,Johann-Leonhard
0220,RANNIK,Teodor
0221,KITSEL,Johannes
0222,KOVALSKI,Voldemar
0223,JOHANNSON,Vilhelm-Gustav-Heinrich
0224,PENT,August
0225,AUS,Johannes
0226,RODEN,Johannes
0227,HABERMANN,Karl-Leopold
0228,LUKAS,Albert
0229,BAUM,Georg
0230,KORV,Arthur
0231,REIDAK,Otto
0232,MASTI,Indrek
0233,OLLINO,Johannes
0234,PAAL,Johan-Voldemar
0235,VALGE,Nikolai
0236,NEREP,Elmar
0237,PORRE,Paul
0238,EIK,Edgar-Villiam
0239,PÕLENDIK,Nikolai
0240,RODEN,Nikolai
0241,SANTPANK,Johannes
0242,SÕBER,Arnold
0243,LINNEBERG,Bruno-Aleksander
0244,VIIBURG,Helmuth
0245,ARON,Aleksander
0246,VALDSNEP,Boris
0247,VAADRE,Ernst-Johannes
0248,PALUMÄE,Aleksander-August
0249,EENPÕLLU,Gustav-Eduard
0250,KREEKMANN,Georg
0251,LAANSOO,Gustav
0252,ROOMERE,Arnold
0253,JAANSON,Robert-Johann
0254,PALTMANN,Karl
0255,HEINMAA,Juhan
0256,FOELSCH,Hellmuth-Arthur-Julius
0257,GOTTLOB,Eduard
0258,UNGVERE,Jüri
0259,NÕMME,Johannes
0260,VALTER,Reinhold-Alexander
0261,VIIDAS,Otto
0262,LAUR,Anton
0263,KARM,Jaan
0264,LOIDE,Endel
0265,BALDER,August
0266,ROKK,Rudolf-Georg
0267,SIMSON,Arthur-Friedrich
0268,PAJUSTE,Andrei
0269,SCHMIDT,Johan
0270,LAURITS,Paul
0271,KALDE,Jakob
0272,KÄIGE,Herbert
0273,ROOSAAR,Ants
0274,KLEIN,Karl
0275,REEK,Nikolai
0276,JÕESAAR,Viktor
0277,VARIK,Karl
0278,MARUSTE,Andrei
0279,SEPP,Jüri
0280,JÄRNEFELT,Yrjö Kasper Valdemar
0281,MATSON,Jaan
0282,PÕLDSALU,Kaarel
0283,JÕGI,Aleksander
0284,PUKSPUU,Johannes
0285,HINDREI,August
0286,KALDVEER,Juhan
0287,EMAR,August
0288,PÜSS,Anton-Rihard
0289,JÜRINE,Mart
0290,VARIK,Peeter-Karl
0291,NIIMEISTER,Peeter
0292,RÄÄGEL,Anton
0293,KUKK,Anna-Marie
0294,LUHAÄR,Ilmar
0295,MIIDO,Eustaatius
0296,KARINEEM,Willem
0297,MESI,Voldemar
0298,RIIS,Jaan
0299,VAARMANN,Mihkel
0300,KLESMENT,Johannes
0301,JÜRISTE,Juhan
0302,KALLE,Ferdinand-Magnus
0303,GUSTAVSON,August
0304,SUURMANN,Mihkel-Adolf
0305,HERM,Johannes-Eduard
0306,LEONOV,Feodor
0307,VALDMANN,Osvald
0308,KOLLE,Andres
0309,TÜRK,Jakob
0310,NÄRIPEA,Aleksander
0311,JAKOBSON,Karl
0312,JÕÕKS,Hans
0313,KURM,Jakob
0314,SAUGA,Andres
0315,LÕHMUS,Karl
0316,KOSE,Anton
0317,PÄRTELS,Aleksander
0318,KÄÄR,Jaan
0319,KLAASEN,Herman
0320,AARNA,Hans
0321,TUISK,Mihkel
0322,AHTMANN,Georgi
0323,VAHER,Jaan
0324,HANSON,Jaan
0325,MERIS,Mihkel
0326,TORMA,Jaan
0327,AAVASALU,Andres
0328,KIVIVÄLI,Johannes
0329,TUIT,Jaan
0330,KAPSI-ROSENSTEIN,Anton
0331,PENTER,Jüri
0332,UULIMAA,Mihail
0333,MÄNNIK,Otto
0334,VARES,Julian
0335,MAASING,Richard
0336,BACH,Eduard-Adolf
0337,PERNA,Arthur
0338,PAJOS,Evald-Leopold
0339,MAMERS,Oskar-Heinrich
0340,VEEM,Helmut-Traugott
0341,LANNES,Aleksander
0342,SULG,Edgar
0343,TOMSON,Hans
0344,PALM,Richard-Theodor
0345,RAUD,Johannes-Aleksander
0346,JUNGERMANN,Johan
0347,KARTNA,Artur
0348,PÄID,August
0349,VISMAN,Harry-Alexander
0350,LIPSTOK,Heinrich
0351,PUSKAR,Johann
0352,SEPP,Martin-Johannes
0353,SIMON,Martin
0354,PENTRE,Paul-Harry
0355,UTUSTE,Kustas
0356,OLBREI,Friedrich-Alfred
0357,KRUUSIMÄGI,Albert
0358,VÕRK,Hans-Roland
0359,RIEBERG,Voldemar-Viktor
0360,BECKMANN,Valentin
0361,KAPSI,Friedrich-Johann
0362,OTS,Jüri
0363,STEINBERG,August
0364,DELAGARDE,Theodore
0365,HAAS,Karl-Friedrich
0366,SCHÖNBERG,Mihkel
0367,KELK,Juhan
0368,KASTE,Rudolf
0369,EMERY,Claude Scudamore
0370,SWATRIDGE,Charles John
0371,REDER,Georg-August
0372,AAREN,Jakob
0373,LEPPMETS,Hans
0374,SUMMATAAVET,August-Voldemar
0375,TURI,Nikolai
0376,REPNAU,Gustav-Rudolf
0377,MOORITS,Paul
0378,LIIVAMÄGI,Karl-Friedrich
0379,VALGE,Aleksander
0380,OJASALU,Johannes
0381,VARDJA,Johannes
0382,TEEARU,Osvald-Julius
0383,PISTMANN,Johannes-August
0384,BACHMANN,Rudolf
0385,PRAOSK,Jaan
0386,TRUMM,Aleksei
0387,KASK,August
0388,KADARIK,Peeter
0389,RUUSMANN,Peet
0390,ANDREJEV,Konstantin
0391,TAKEL,Jüri
0392,VAHEM,Johannes
0393,KURG,Friedrich
0394,ORGO,Martin
0395,ONNI,Heino
0396,NIGGOL,Aleksander
0397,POOLAK,Georgi
0398,VALLO,Villem
0399,PAJUR,Aleksander
0400,TELSKA,Johannes-Voldemar
0401,ALA,Villu
0402,HOYNINGEN-HUENE,Hermann-Hans-Jürgen
0403,PÕLME,Anton
0404,EHRMANN,Voldemar
0405,KÜTT,August
0406,LIND,Jaan
0407,TELLING,Eduard
0408,VÄLJA,Madis
0409,PAJUSAAR,Kristjan
0410,ENULA,August
0411,LAANEMETS,Eduard
0412,KALDMÄE,Eduard
0413,BRANDERS,Ernst
0414,SALZA,Hermann-Alexander-Eduard
0415,KAAMAN,August
0416,SINIVEE,Enno
0417,MERE,Valev
0418,LENSMENT,Karl
0419,LAARMANN,Otto
0420,MÄGI,Evald
0421,LAMBERG,Arnold-Friedrich-Johannes
0422,GRENZ,Valentin-Martin
0423,VASKA,Jakob-Michael
0424,KRUUS,Aleksander
0425,ERIK,Paul
0426,BORKMAN,Paul-Johannes
0427,MÜHLVERK,Paul-Ferdinand
0428,KANGRO,August
0429,URITAM,Oskar
0430,MOREL,Adam
0431,SARAL,Karl
0432,SISASK,Peeter
0433,MITT,Karla
0434,KÕLLJALG,Johannes
0435,VAHER,Georg
0436,HANSEN,Osvald
0437,KOHT,Voldemar-Karl
0438,LINNUS,Ferdinand
0439,PAKKAS,Osvald
0440,HINNO,Aleksander
0441,BORODIN,Nikolai
0442,KESKKÜLA,Kristof
0443,TERNO,Albert
0444,SAAR,Alfred
0445,SANDER,Eduard
0446,TUISK,Voldemar-Johannes
0447,RANDLEPP,Juhan
0448,MARTINSON,August
0449,TREIER,Robert
0450,HANSEN,Andres
0451,SCHELER,Jaan
0452,AUGJÄRV,Leonhard-Theodor
0453,EESKIVI,Arnu
0454,BORMAN,Anton
0455,MÜHLBERG,Aleksander-Eduard
0456,MURELIK,Leopold
0457,SILDMETS,Villem-Rudolf
0458,PUKSE,Anton
0459,MÄNNIK,Eduard
0460,SIRTSE,Eduard
0461,ULM,Voldemar
0462,PILDEN,Heinrich
0463,MALM,Priidik
0464,RAHE,Aleksander
0465,TAIMSAAR,Juhan
0466,RUSI,Voldemar-Heinrich
0467,VIIT,Johannes
0468,UHKE,Karl-Rudolf
0469,KÄRMAS,Villem
0470,MUTS,Johannes-Friedrich
0471,PUSS,Johannes
0472,HEINMAA,Johannes-Eduard
0473,KANG,Karl-August
0474,HANSEN,Karl-Friedrich
0475,JOHANNES,Peeter-Adolf
0476,KARU,Hans
0477,TOOST,Rein
0478,AMBUS,Johannes-Aleksander
0479,UUSSALU,Hugo-Heinrich
0480,KUUSK,Adolf
0481,KIRSCH,Alfred
0482,SIMPSON,James Young
0483,LEESMENT,Hans
0484,BAUER,Heinrich-Nikolai
0485,TOOMINGAS,Karl-Heinrich
0486,OJAKÄÄR,Tõnis
0487,JANSON,Nikolai
0488,SÕBER,Hans
0489,STAMM,Anton
0490,HANSSOO,Jaan
0491,PETERSON,Tõnis-Voldemar
0492,SAARESTE,Ernst-Julius
0493,PERLI,Harald
0494,MÜLLERSON,Juhan
0495,PETERHOFF,Romeo-Paul-Eduard
0496,TRUSA,Aleksander
0497,LIIK,Oskar
0498,SILBERMANN,Hans
0499,HOLD,Herbert-Andreas
0500,PALDROK,Aleksander
0501,ZOEGE von MANTEUFFEL,Maximilian-Friedrich-Werner
0502,JERVAN,Martin-Volmer
0503,WINFIELD,George W.
0504,HOWELL,Wilbur Franklin
0505,BLANTON,Clifford Arthur
0506,McCALLISTER,Archie
0507,PIHLAK,Eduard-Ferdinand
0508,MAIM,Hermann
0509,SIEGER,Georg-Alexander-Friedrich
0510,LAIDROO,Aleksander-Heinrich
0511,LINDVERS,Julius-Aleksander
0512,POKA,August
0513,TAMM,Eduard
0514,MARTMA,Felix-Martin-Conrad
0515,SUURESAAR,Martin
0516,LEETS,Georg
0517,KOOLMANN,Villem
0518,KRUUSE,Johannes
0519,NAASKEL,Aleksander-Leopold
0520,GENTALEN,Hendrik
0521,TÕRUKE,Nikolai-Aleksander
0522,RIST,August
0523,SUPS,Rudolf
0524,NEERUT,Hans
0525,KITSEL,Andres
0526,EIBAK,Johannes
0527,NASKA,Johannes
0528,RAIK,Anton
0529,KALVIK,Aleksander
0530,TULP,Mats
0531,MOOR,Voldemar
0532,LUIGA,Adalbert-Hugo
0533,KÄSPRE,Ants
0534,LIBENE,Martin
0535,KOVKIN,Boris
0536,SISASK,Johann
0537,BLEIER,Voldemar
0538,REEBEN,August
0539,KUUS,Heinrich-Elias
0540,TAKLAJA,Jaan
0541,PÄRN,Magnus-Evald
0542,VALDUR,Arvo
0543,LEPPIK,Andreas
0544,VALDUR,Voldemar
0545,ANIMÄGI,Nikolai
0546,REHE,Jakob
0547,LÜÜS,Aado
0548,TÕLLASSAAR,Jaan
0549,RAUN,Otto-Friedrich
0550,VERLIIN,Villem
0551,PARRAS,Karl
0552,LAHTI,Priido
0553,SEPP,Johannes
0554,TALPSEPP,Aleksander-Voldemar
0555,RAUN,Johannes-Julius
0556,PÜSS,Alexander-Rudolf
0557,RUSS,Jaan
0558,KALM,Teodor
0559,SENGBUSCH,Johannes
0560,HERNE,Alfred
0561,ERR,Valter-Karl
0562,LILLEMÄGI,Jaak
0563,SUUREVÄLJA,Georgi
0564,SAAR,August
0565,RAUDSEPP,Hans
0566,USTAV,August
0567,TAMM,Mihkel
0568,IIR,Märt
0569,SAVJALOV,Peeter
0570,PARKTAL,Joosep
0571,KÖÖSEL,Leo-Friedrich
0572,PENU,Aleksander
0573,MAGUS,Priidu
0574,KAPSTAS,Aleksander
0575,KEERMAA,Oskar
0576,ANDREIMANN,Daniel
0577,MIKKER,Arnold-Michail
0578,SILDAM,Roman
0579,AAVISTE,Voldemar-Otto
0580,LUNDBORG,Einar Paul Albert Muni
0581,SANNIK,Mihkel
0582,VAARIK,Kustav
0583,KALBAS,Johannes
0584,ROOSMÄE,August
0585,ALATARE,Rain
0586,PARROL,Mart
0587,RENNU,Victor
0588,KOLVIKO,Alfred-Leopold
0589,PHILIPS,Edgar-Valentin
0590,KIVIMURD,Otto
0591,ALGUS,August
0592,ANNI,Johannes-Alexander
0593,PÕDER,Alfred-Alexander
0594,KUTSAR,Jaan
0595,VASAR,Hans
0596,KATTAI,Juhan
0597,TAMME,Eugen
0598,MITT,Jakob
0599,ADAMSON,Edgar
0600,LILLENSTERN,Johan
0601,KÄÄMER,Jaan
0602,LAANE,Peeter
0603,ROOSSON,Jaak
0604,KÖÖSEL,Elmar-Oscar
0605,KIPPUS,Johannes-Ferdinand-Osvald
0606,KALININ,Maksim
0607,LOOS,Eduard
0608,KURREL,Aleksander-Voldemar
0609,RAIDNA,Herbert-Voldemar
0610,ARRAS,Paul
0611,TIKKAR,Uku
0612,TAUTS,Hans
0613,VOORMANN,Bernhard
0614,FREYBERG,Christian-Georg
0615,TALVIS,Johannes-Eduard
0616,VIIKHOLM,August
0617,TIITSO,Karl
0618,PÕLLU,Evert-Valentin
0619,ROOSILEHT,Martin
0620,KIKAS,Oskar
0621,JOHANSON,Mart
0622,TAMTIK,Jaan
0623,MEINER,Tõnis
0624,PUNG,Karl
0625,SCHVEDE,Jüri
0626,TUVI,Johann
0627,JALAKAS,Mihkel
0628,RAUD,Hugo-Gottfried
0629,KIRS,August
0630,TALVIK,Alfred-Theodor
0631,LETT,Nikolai
0632,PIIR,Johan
0633,TÕNISSON,Jaan
0634,LIIDEMANN,Nikolai
0635,HEINSALU,Jaak
0636,JÜRISSON,Voldemar
0637,RAAG,Arthur-Emil
0638,MANSIK,Hermann
0639,HOFFART,Robert
0640,LIIV,Georg
0641,SORK,Jaan
0642,KARING,Voldemar-Nikolai
0643,TAMMEKAND,Karl-Voldemar
0644,MUNNER,Jakob
0645,ROOS,Jüri
0646,NUKK,August-Ulrich
0647,KALDA,Jakob
0648,AASA,Arseni
0649,HEINSALU,Kaljo
0650,JÄGERSON,Johannes
0651,TRUMM,Johannes
0652,KLASING,Aleksander
0653,PÄRNAPUU,Heinrich-Leopold-Voldemar
0654,VISSAK,August
0655,ÄRMA,Johannes
0656,KURRO,August
0657,LUHE,Aleksander-Heinrich
0658,KOPPEL,Hendrik
0659,AALBERG,Viktor
0660,SAMMEL,Juhan
0661,KATKOMÄGI,Bernhard
0662,SILBERMANN,Voldemar
0663,KIRKMANN,Hans
0664,FALK,Karl
0665,ELLANDI,Julius
0666,KRUP,Hans
0667,LEIBACH,Karl
0668,SCHMIDT,Otto
0669,KLAAS,Aleksander
0670,KUKEBAL,Friedrich-Johann
0671,SKLAVE,Karl-Friedrich
0672,PAGLAND,Ado-August
0673,VIDEVIK,Jakob
0674,SUURKIVI,Juhan
0675,TÜRK,Johannes
0676,KORTS,August
0677,KILM,Ludolf
0678,LELL,August
0679,KÜNGAS,Juhan
0680,REBASE,Daniel
0681,MÄEKIVI,Jüri
0682,VETESALU,Gustav-Heinrich
0683,TAMMEKÄND,Rudolf
0684,VAINUMETS,Aleksander
0685,KALVI,Johannes
0686,POOLMANN,Johannes
0687,KALDAS,August
0688,SELTER,Aleksander-Arthur
0689,SILD,Karla-Johannes
0690,MÄNNIK,Johannes
0691,TAMM,Johannes
0692,KINK,Johannes-Heinrich
0693,PALGINÕMM,Albrecht
0694,TALUSSAAR,Ado
0695,TURMANN,August-Rudolf
0696,SÖDE,Karl
0697,KASTEMA,Osvald
0698,SAART,August
0699,PÄRN,Ado
0700,VÄINASTE,Kustav
0701,ORASMÄE,Jaagub-Rudolf
0702,SIIPAN,Hugo
0703,LINDRE,Leopold
0704,LEINSKÜLL,Joosep
0705,SEPIK,Edmund-Friedrich-Johannes
0706,KRIMMING,Arthur-Joseph
0707,REBANE,Aleksander
0708,NOORMAN,Kustas
0709,TAMLAK,Villem
0710,MURD,Tõnis
0711,ÖÖPIK,August
0712,REIMANN,Felix-Voldemar
0713,METSALU,Juhan
0714,HANI,Robert
0715,PECHTER,Karl
0716,PLADO,Peeter
0717,NIKOLAI,Erik-Friedrich-Georg
0718,KURVITS,Jaan
0719,KOERN,Viktor
0720,PAKK,August
0721,VEINBERG,Elmar-Johann
0722,IDAM,Hans
0723,TEIMAN,Ralf-Rene
0724,VASK,August
0725,TAMMIST,Hans
0726,PAJULA,August
0727,KIUDORV,Artur
0728,KÖSTER,Oskar
0729,SCHÖNBERG,August
0730,MEND,Wilhelm
0731,STEINMANN,Nikolai
0732,JÜRGENSON,Hugo-Vilhelm-Leonhard
0733,UUSKAM,Johannes
0734,HINNOV,Ludvig
0735,NORMAK,Aleksander-Mihkel
0736,KUNGLA,Gustav
0737,KUNILA,Aarne
0738,RÄTSEP,Martin
0739,LEE,Mardo
0740,PAGAR,August
0741,MURUMÄGI,Johannes-Eduard
0742,VODJA,Jaan
0743,JÜRVETSON,Jüri
0744,SAAL,Elmar-Gerhard
0745,HEINARU,Enn
0746,NAARIS,Jaan
0747,RAUDSEPP,Jaan
0748,KALLAS,August
0749,ROOSIPUU,Rudolf-August
0750,HINDREUS,Egon-Ferdinand
0751,MARTINSON,Johannes
0752,TENNEBERG,Martin
0753,MAIBAUM,Robert
0754,MÄNNISTE,August
0755,ESTAM,Juhan
0756,TAMMPERE,Jaak
0757,KEEBA,August
0758,VAIKSAAR,Eino
0759,PALLON,Leonhard-Hermann
0760,TROITSKI,Konstantin
0761,MÄRTSON,Jaan
0762,SOLTNA,Reinhold-Frants-Stefan
0763,MAKKO,Rudolf
0764,SARMO,Voldemar-Johann
0765,HOLM,Heinrich
0766,MAREMAA,Edgar-Eduard
0767,KANEP,Konstantin
0768,PEHKA,Johan
0769,LEETMAA,Ado
0770,KOKS,Martin
0771,GUSTAVSON,Konstantin
0772,JÜRISOO,Peeter
0773,KESKÜLA,Mihail
0774,TAMM,Nikolai
0775,SUURESSAAR,Joosep
0776,SARETOK,Andres
0777,TOBIAS,Karl
0778,TILL,Hans
0779,TILL,Oskar
0780,MUUL,Mihkel
0781,TAPU,Kaarel
0782,VIILMAA,Hando
0783,KASEMAA,Julius
0784,LAPP,Alfred-Theodor
0785,KIRSIPUU,Robert-Heinrich
0786,KULBOK,Hugo
0787,OOPKAUP,Anton
0788,LUST,Rudolf-Aleksander
0789,TÕLDSEPP,Rudolf-Aleksander
0790,PRUUL,Karl-Robert
0791,JÄRVE,August
0792,BÕSTROVSKI,Ivan
0793,KUUSIK,Karl
0794,KORTS,Joosep
0795,KARU,Eduard
0796,MÕTSUR,Peeter
0797,ERIK,Voldemar
0798,KEEK,Hans
0799,KESKÜLA,Georg
0800,AAS,Joosep
0801,RÄHNI,Ants
0802,VEEBERG,August
0803,PEET,Johan
0804,HELM,Jaan
0805,MILISTFER,Jaan
0806,OLL,Jaan
0807,LUMI,Jaan
0808,SILLAJÕE,August
0809,SERKA,August
0810,VAAVER,Karl
0811,MÄNNIK,Jaan
0812,NEEM,Jaan
0813,KIVIRAND,Victor-Adalbert-Osvald
0814,KOKK,Märt
0815,TEDER,Juhan
0816,OKSAAR,Märt
0817,KOORITS,August
0818,VARES,Elmar
0819,SAKS,Jüri
0820,PEDAK,Tõnis
0821,ORLE,Jaan
0822,ROSIN,Aleksander
0823,UNT,Anton
0824,ORIK,Arnold-Rudolf
0825,MÖLTER,Theodor
0826,SAAREPERA,Tõnis
0827,REHE,Arthur
0828,KÕUE,Jaan
0829,SOOMANN,Karla-Julius
0830,OLL,Vassili
0831,SILD,Jaan
0832,KOHK,Johannes
0833,PEDIUS,Aleksander
0834,VILLEMS,Albert
0835,RAAM,Heinrich
0836,REINBERG,Hugo
0837,HAUDUMÄGI,August
0838,RAUDSEPP,Peeter
0839,KORE,Tiidu
0840,KLAAR,Jaen
0841,REUSS,Albrecht-Walther
0842,GRÖNHOLM,Jaagup-Harald
0843,BORISOV,Feodor
0844,FEDOTOV,Vassili
0845,ARHIPOV,Stepan
0846,DEMIDOV,Peeter
0847,SERGEJEV,Aleksei
0848,BERG,Aleksander
0849,ERST,Aleksander
0850,SASONOV,Jakob
0851,SMORODIN,Aleksei
0852,MOHOV,Semjon
0853,KOMAROV,Ivan
0854,VEVER,Jaan
0855,STEPANOV,Gavril
0856,PAVLOV,Dimitri
0857,PAURMAN,Eduard
0858,ORAV,Gustav
0859,PARVING,Karl
0860,LAVRENTJEV,Egor
0861,OJAMAA,Aleksander
0862,MARGUSTE,Eduard
0863,TASUJA,Jaanus
0864,KOLDE,Friedrich-Johannes
0865,PIHLAK,Aleksander
0866,RAUDJAS,Mihkel
0867,JÜRISSON,Johannes
0868,TAMMELEHT,Jüri
0869,PAESÜLD,Herman
0870,KAASIK,Priidu
0871,VOKK,Oskar
0872,NEIGARDT,Arnold
0873,PAULUS,Karl-Aleksander
0874,SÕSTER,Aleksander-Eduard
0875,FUKS,Vladimir
0876,TOMSON,Arthur
0877,ENOK,August
0878,MÄTLIK,Arnold-Ervin
0879,LEPIST,Johannes-Friedrich
0880,MULLART,Michail-Johann
0881,MULLARI,Raiu
0882,VALGE,Gustav
0883,STERN,Alfred-Johannes
0884,JOONET,Alfred-Evald
0885,KORK,Jüri
0886,NAISTEM,Voldemar
0887,KLESMENT,Nikolai
0888,KANGRO,Gottfried-Roman
0889,RAE,Jako
0890,VILTA,Karl-Erich-Sergius
0891,SÕSTER,Mart
0892,SEITON,Voldemar
0893,KARUMETS,Mart
0894,REBAST,Arnold-Johannes
0895,ROOSSAAR,Aleksander-Osvald
0896,RÄHNI,Ernst-Voldemar
0897,KITSING,Richard
0898,EESTLEOL,Jüri
0899,KALTER,Johannes
0900,ALLIKAS,Johannes-Eduard
0901,TAARMA,Heinrich-Aleksander
0902,VAHI,Roman-Heinrich
0903,MEERPUU,Aleksander
0904,HOLM,Harald-Matthias
0905,POOPUU,Johannes
0906,SINKA,Arnold
0907,ANNUK,Otto
0908,IVAND,Karl
0909,SUURSEPP,Eduard
0910,RIIVES,Rudolf
0911,KUSLAP,Rudolf
0912,SUBBI,Johannes
0913,NIIT,Evart
0914,KASK,Vassili
0915,SOODLA,Johannes
0916,KÕIV,Julius-Rudolf
0917,SEPP,Heinrich
0918,EINSILD,Uudo Alexandre
0919,MÄND,Hugo
0920,JUNTS,August-Johannes
0921,JAAGURA,Mart
0922,VÄÄRTNÕU,Andrei
0923,VAINO,Paul-Eduard
0924,ALEKAND,Richard
0925,MEIDLA,Teodor-Rudolf
0926,KAAL,Karl
0927,KATTEL,Voldemar
0928,KIILI,August
0929,SIIDER,August
0930,OLEV,Jaan
0931,HAINSALU,Johannes
0932,KUKK,Peeter
0933,LIBLIK,August
0934,LUKK,Herbert-Peeter
0935,TARAS,Johannes
0936,RAADIK,Jaagup
0937,SAAREMAA,Johannes
0938,VOITKA,August
0939,TUPITS,Heinrich
0940,KALM,Kaarel-Johannes
0941,JAAGO,Arnold
0942,RANDMETS,Voldemar
0943,PIKAT,Aleksander
0944,TEETS,Valter-Friedrich
0945,SIMONSSON,Anton
0946,NUUT,Villem
0947,MITT,Johann
0948,LIIS,August
0949,PUSS,Rudolf
0950,LINDE,Aleksander-August
0951,FALTIS,Hermann
0952,MÄNNIK,Elmar-Friedrich
0953,KÜHN,Oskar Jakob
0954,EICHBAUM,Aleksander
0955,PASS,Teodor
0956,TAMME,Anton
0957,LUBI,Jüri
0958,TÕKKE,Johannes
0959,PURGA,Juhan
0960,JAANSO,Otto
0961,REBANE,Hans
0962,PAJUSOO,Oskar
0963,DUTŠINSKI,Nikolai-Ferdinand
0964,MÜÜR,Paul
0965,BRAHMANN,Adolf
0966,UUK,Aleksander
0967,LEPPIK,Jaan
0968,PALTSON,Aleksander-Georg
0969,SEPP,Artur
0970,LIIV,Hans
0971,MIHK,Rudolf
0972,SILM,Johannes
0973,KASEPALU,Friedrich-Roman
0974,KRUUSEMENT,Peeter
0975,VAGGUR,Johannes
0976,KIIGEMAA,Aleksander
0977,PALM,Priidik
0978,UMB,Andrei
0979,RAUDKIVI,Jaan
0980,NAUMANN,Jaan
0981,KURIK,August
0982,TAMBEK,Johannes
0983,NESTRA,Alfred-Julius
0984,MILLER,Reinhold
0985,LEISK,August
0986,HENNO,Johan
0987,SÖÖT,Johannes-Robert
0988,PARTS,Aleksander
0989,GRÖÖN,Eduard
0990,TIMPSON,Hans
0991,LETTENS,Hindrik
0992,KALLMANN,Jüri
0993,KUUSK,Hans
0994,RUDISSAAR,Samuel
0995,GRÜNBERG,Jüri
0996,PLINK,Karl
0997,KULLASEPP,Martin
0998,KONKS,Aleksander
0999,ANNISTE,Johannes
1000,RAJATAMM,Karl
1001,ADER,Rudolf
1002,PLAKSO,Bernhard
1003,LOORITS,Gustav
1004,HÖDREJÄRV,Ferdinand
1005,LUTSAR,Julius
1006,LÕOKENE,Aleksander
1007,HINTO,Arved
1008,TIIRMANN,Theodor
1009,KOKK,Oskar
1010,KAUP,Jaan
1011,PANKSEPP,Rudolf
1012,PRIKS,Paul
1013,MÕTTUS,Aleksander
1014,VEIGEL,Karl
1015,SÕRM,Eduard
1016,URM,Eduard
1017,MEET,Märt
1018,LENDER,Jaan
1019,KOTTISE,August
1020,KINK,Hans
1021,UUSÕUE,August-Bartholomeus
1022,PRINTSMANN,Jüri
1023,KONGO,Oskar
1024,OJASTE,Eduard
1025,TREUMUTH,Jaan
1026,MATSALO,Ants
1027,KULASALU,August
1028,SOONPÄÄ,Karl-Johannes
1029,KAASIK,Leonhard-Karl
1030,KASS,Peeter
1031,SAAR,Julius
1032,REINOT,Johannes-Hendrik
1033,RANDMÄE,Eduard
1034,KUKK,Eduard
1035,PÕDRA,Alexander
1036,ÕUNAP,Paul
1037,PÕLDOJA,Villem
1038,TIIDO,Ernst-August
1039,VUKS,Albert-Voldemar
1040,MANGLUS,Arnold-Johannes
1041,TOOM,Peeter-Eduard
1042,SEPP,Aleksander-Paul
1043,SEER,Johannes
1044,PÕDER,Voldemar
1045,PADAR,Artur
1046,MÄNDMETS,Karl-Georg
1047,HURT,Richard
1048,REINBUSCH,Johannes
1049,PETERSELL,Jakob
1050,KASK,Otto
1051,SOOARU,August-Eduard-Robert
1052,PÄLL,Johannes
1053,MARTIN,Franz-Heinrich
1054,TAMSALU,August
1055,PAIA,August
1056,SIILBAUM,Karl
1057,NIGUL,Jüri
1058,MÜLLERSON,Elmar
1059,MUTLI,Johannes
1060,TAMME,Jaan
1061,KUKK,Arne
1062,REIM,August
1063,NIGGOL,Richard
1064,VIRKMANN,Arnold-Adalbert
1065,SOMMER,August
1066,LEPPIK,August
1067,TOOTSI,Albert-Aleksander
1068,SIIBER,Karl
1069,SAVI,Johannes
1070,SAMAJEV,Herman
1071,AASMA,Juhan
1072,TÕNTS,Aleksander
1073,MUTS,Aleksander
1074,MÄGI,August
1075,LINDUS,Johannes
1076,LEITMA,Jaan
1077,STAMM,Karl
1078,AVISTE,Johannes
1079,ERSCHKE,Aleksander
1080,TEPPAN,Karl
1081,VILLMANN,Johannes
1082,KAIO,Karl
1083,JÜRNA,Johannes-Aleksander
1084,KAASIK,August
1085,KLAUDIUS,Jüri
1086,RUSI,Johannes
1087,SELL,Aksel-Johannes
1088,LOORITS,Villem
1089,KRUUS,Jaan
1090,SEPLING,Boris-Aleksander
1091,MÄHAR,Jakob
1092,TREIMUTH,Rodion
1093,HELJUSTE,Jaan
1094,TRIIK,Paul-Villiam
1095,LEETUS,Karl
1096,RUUS,Juhan
1097,KASSUK,Eduard-Ernst
1098,ANDRESSON,Andres
1099,HOOK,Reinhold
1100,HUSSAR,August
1101,LIND,Aleksander
1102,TÄHNAS,Tõnis
1103,JAANUS,Karl
1104,SÖDERHOLM,Johannes
1105,KASAK,August
1106,HUSSAR,Jaan
1107,KOTTISE,Julius
1108,PEDOSK,Oskar
1109,TARTOV,Hans
1110,OTSING,Osvald
1111,MANDEL,August
1112,ORAV,Juhan
1113,LUIK,Voldemar
1114,PÄÄSUKE,Jaan
1115,MURUMAA,August
1116,ILMET,Salme
1117,KUKK,Mihkel
1118,ANT,Jakob
1119,OTTI,Peeter
1120,PÄSNA,Jaan
1121,VARES,Paul
1122,KORJUS,Karel-Adolf
1123,SAMMA,Johannes
1124,KAUTS,Gustav
1125,VÄHI,Mihkel
1126,REBANE,August
1127,KANGER,Karl
1128,LINNAMÄGI,Karl
1129,KEERD,Karl-Eduard
1130,MÄND,Julius
1131,MOORA,Harri
1132,SÜTT,Johan
1133,OJA,Andreas
1134,KRUUSA,Voldemar
1135,DUNKEL,Johannes
1136,SIILAK,Paul
1137,PEDOSK,Friedrich
1138,TOIMETA,Eduard-Julius
1139,LÕÕNDRE,Julius
1140,SANG,Hans
1141,TINA,Johannes-Valter
1142,HARJAKAS,Hans
1143,SAAREPERE,Voldemar-Heinrich
1144,BUSCH,Johannes-Adolf-Heinrich
1145,KINDLAM,Theodor-Friedrich
1146,JAGOMÄE,Karl-Robert
1147,AUD,Otto-Mihail
1148,LAINE,Karl
1149,JENSEN,August
1150,TAMM,Johannes-Voldemar
1151,ILVES,August
1152,GERMANN,Andrei
1153,TSCHERNOV,Gavril
1154,UDIKAS,Oskar-Friedrich
1155,AALBOK,Eduard
1156,LARM,August
1157,RAKO,Jaan
1158,MALKEN,Jaan
1159,KALLO,Hans
1160,MÄGI,August-Johannes
1161,MELTSAS,Peeter
1162,KALMET,Kristjan
1163,KIVISAAR,Peeter
1164,OTTENSON,August
1165,ROOSILEHT,Jaan
1166,LÄTT,Johannes-Arnold
1167,VIRULA,Tõnis
1168,LILLELEHT,Paul-August
1169,HOLSMANN,Johann-Ferdinand
1170,TAALDER,Richard
1171,TROSSI,Verner-Ernst-Harald
1172,LUHAÄÄR,Karl
1173,TUVI,Jaan
1174,TALŠIN,Leo
1175,HANSEN,Karl
1176,BRAKEL,Arthur-Johann
1177,KOGER,Karl-Elmar
1178,LIPAND,Karl
1179,JÜRGENS,Eduard-Johannes
1180,LINDEMANN,Konstantin
1181,NORMAK,Arnold-Reinhard
1182,HION,Viktor
1183,KASK,Rahuleid-Julius-Max
1184,KÜNNAPUU,Avo
1185,LEISNER,Jaan
1186,HALLIKU,Arthur-Johannes
1187,MAISAAR,Jaanus-Karl
1188,KLEMENT,Johannes
1189,PÄRN,Juhan
1190,PRIIMA,Oskar-Johannes
1191,LEPPIK,Arnold
1192,ELISTE,Jaan
1193,ERDMANN,Heinrich
1194,OHAK,Mihkel
1195,JÕELAID,Henrik
1196,LAUS,Hain
1197,PERE,Mihhail
1198,HIRV,Paul-August
1199,NÄRSKA,August
1200,RAUDLEHT,Jüri
1201,MARTIN,Vassili
1202,ILME,Ernst-August
1203,FRIEDRICHSON,Evald
1204,LASN,Juhan
1205,NUUT,Jaan
1206,KOOT,Peeter-Ernst
1207,PEEDIMAA,Mihail
1208,TAMMANN,August
1209,ERM,Hans
1210,TUISK,August
1211,KOIK,Nikolai
1212,SEITAM,Jüri
1213,MEIDLA,Eduard
1214,MUST,Magnus
1215,PARVET,Oskar
1216,SOOVIK,Kristjan
1217,TISLER,August
1218,SAKS,Karl
1219,OTTEP,Johan
1220,VELDEMANN,Jaan
1221,REISMANN,Eduard-Martin
1222,KEPMANN,Martin-Alexander
1223,KOLK,Eduard
1224,KULDSEPP,Hans
1225,KULDNA,Johannes
1226,HUNT,Karl
1227,JAAKSON,Jaan
1228,TILK,Mihkel
1229,ANDREKSON,Johan
1230,TÄHISTE,Juhan
1231,MERELA,Jaan
1232,LINDE,Mihkel
1233,VIDRIK,Jaan
1234,ROOSMAA,Karel
1235,LAARMANN,Jaan-Raimund
1236,KARLSON,Jaan
1237,PILLI,Voldemar
1238,KASKLA,Jüri
1239,JAANIMETS,Karl
1240,TÕNISSON,Jüri
1241,PALMISTE,Peeter
1242,TREU,Ants
1243,VAHTRE,Voldemar
1244,PUKK,Johannes
1245,HORN,Julius
1246,SUUR,Jaan
1247,REISMA,Hendrik
1248,TOMISTE,Aleksander
1249,MEISTER,Kristjan
1250,PÄRNPUU,Nikolai
1251,URTIN,Jaan-Alfred
1252,KUUSKAND,Jakob-August
1253,KRUUS,Hans
1254,SEPRE,Konstantin
1255,UEGEINAM,Voldemar
1256,TAMM,Johannes-Eduard
1257,FEOFANOV,Peeter
1258,JÜRIMA,Egbert-Michael
1259,PODRÄTSIK,Karl
1260,MAIDE,Jaan
1261,PIKBERG,Jüri
1262,KURG,Johann-Eduard
1263,PENNAR,Johannes
1264,PARTEI,August
1265,TURJAKAS,Aleksander
1266,ELLAMAA,Osvald
1267,SUITS,Nikolai
1268,BERGERT,Karla
1269,KIRT,Peeter
1270,TAMMISTE,Johan
1271,NOOL,Paul-Eduard
1272,SALUMETS,Jüri
1273,ALTOA,Aleksander
1274,TOMBERG,Rein
1275,RUBIS,Johannes
1276,PENSA,Johannes
1277,KADAKSAAR,Aleksander
1278,PINKA,Karl-Julius
1279,AAS,Rudolf
1280,TÕRUVERE,Voldemar
1281,VERTMANN,Karla
1282,VAO,August-Johannes
1283,REINART,Martin
1284,KIVILO,Martin-Johannes
1285,KOOLMANN,Aleksander
1286,SAAR,Vassili
1287,KUNDER,Aleksander
1288,PALM,Johannes
1289,KANGUR,Heinrich
1290,VENDLA,Tõnis
1291,RANNUS,Johannes
1292,OTS,August
1293,ANNI,Anton
1294,VINK,Aleksander
1295,PÄRN,Jaan
1296,KIVILO,Rudolf
1297,OEHREN,Erich-Bernhard
1298,PILVE,Anton
1299,VÄSTRIK,Heinrich-Aleksander
1300,SAUESELG,Artur-Aleksander
1301,TOMPS,August
1302,KRUUSTAMM,Karl
1303,TENNMANN,August-Johan-Christoph
1304,LEPPIKSON,Arhalt-Julius
1305,EINPAUL,Aleksander
1306,KOLJONEN,Tuomas Vilho
1307,POLLISINSKI,Oskar
1308,VAHUL,Herman
1309,KALIKORM,Heinrich-Martin
1310,PENTER,Aleksander
1311,KAARE,Arnold-Theodor
1312,MÜÜRIK,Aleksander
1313,KESKÜLA,Albert
1314,KUUSI,Aleksander
1315,UMMELAS,Ado
1316,PALMET,Aleksander
1317,HEINZE,Otto-Emil-Eduard
1318,ALLMANN,Alfred
1319,KIPPAR,Johannes
1320,JÜRIMAA,Johannes
1321,MITTAAL,Heinrich-Rudolf
1322,TOMINGAS,Johannes
1323,SUUP,August
1324,PEDAK,August-Eduard
1325,VAHT,Hugo
1326,OSKAR,Eduard
1327,NIGULAS,Hugo
1328,KIMMEL,Karl
1329,PIIBELEHT,Richard
1330,PAABUSK,Jakob
1331,JOHANNSON,Arthur
1332,JOASTE,Elmar
1333,HANSON,Paul
1334,STURM,Hugo
1335,SOOVERE,August
1336,PUUSEPP,Oskar-Johannes
1337,LEEMAN,Boris
1338,HOLBERG,Johan
1339,KRASTIN,Valfried
1340,MAHNKE,Christoph-Friedrich-Johannes
1341,YLLÖ,Andreas
1342,MAANIIDI,August
1343,TAMBERG,Villem
1344,VEINPERE,Erich-Christoph
1345,KUNINGAS,Sergei
1346,ARJAK,Johan
1347,PEERNA,Paul
1348,MÄNDOJA,Karl-Eduard
1349,JONSON,Gustav
1350,ORAV,August
1351,MAIDE,Eduard
1352,ERVIN,Aleksander
1353,PAAP,Jaan
1354,KOITLA,Jakob
1355,BLUMFELDT,Karl
1356,ROSENBERG,Karl
1357,ROSENSTRAUCH,Arnold
1358,KÜTTIS,Johannes
1359,HÄELME,Aleksander-Johannes
1360,GROSSBERGER,Erich-Nicolai
1361,VAHARO,Rudolf
1362,MILLER,Hans
1363,SIRK,Arthur-Johannes
1364,KALLASTE,Georg
1365,SARV,Jaan
1366,KOLLOM,Gustav
1367,KUSSAL,Eduard
1368,EINER,Osvald-August
1369,UUS,Arthur
1370,TANNER,Felix-Johann
1371,VIILIP,Artur
1372,GURJANOV,Nikolai
1373,VINKLER,Johannes
1374,VARE,Jaan
1375,KOERN,August
1376,LUBERG,Heinrich
1377,RENNIT,Nikolai
1378,KITS,Johannes
1379,LUIK,Tõnu
1380,RESSAR,Edgar-Osvald
1381,KÜTT,Georg
1382,KÄRMAS,Johan
1383,IBRUS,Hellmuth-Matthias
1384,KUBU,Heinrich-August
1385,NORMAN,Johannes-Theodor
1386,LIPPUS,Johannes
1387,STAHL,Johann
1388,PINDING,Siegfried-Theodor-Leopold
1389,VEIGELIN,Georg
1390,PEELMAN,Martin
1391,PIHELGAS,Armand-Friedrich
1392,STEIN,August-Eduard
1393,SÜTT,Richard
1394,KARJEL,Juko
1395,SAAR,Ernst
1396,ALLIK,Jaan
1397,MAISMA,Juhan
1398,TOOMSAR,Juhan
1399,MAASIK,Kristov
1400,LAURITS,Karl-Johann
1401,KARJEL,Lembit
1402,TIIT,August-Jaan-Martin
1403,LUIK,Aleksander
1404,KIRSCHBAUM,Richard-Johann
1405,LIPMANN,Johan-Arthur
1406,ORUMETS,Märt-Villem-Hendrik
1407,HAASMA,Rudolf
1408,BAUER,Mihkel
1409,PORGAND,Anton
1410,LAATSARUS,Karl
1411,KOIDU,Jaan
1412,KOSK,Mihkel
1413,KÜPPAR,Modest
1414,TAMPU,Martin
1415,ERIKSON,August
1416,JÕGI,Eduard
1417,LIND,Karl
1418,KARLSON,August
1419,KURS,Voldemar
1420,ARAK,Viktor
1421,ANDERSON,Bruno
1422,KANGRO,René-Paul-Ferdinand
1423,AMOS,Arnold-Johannes
1424,KASK,Heinrich
1425,REISKA,Richard
1426,KALJUSTE,Rudolf
1427,SUIMETS,Karl-August
1428,MAIDLA,Aleksander
1429,KAIO,Johannes
1430,KUKK,Johannes
1431,VAIDLA,Richard-Oskar
1432,JENS,Hugo-Johannes
1433,KRULL,Leonhard-Johann
1434,SABBE,Rudolf
1435,LASS,Oskar
1436,SIPELGAS,Jaan
1437,LINNO,Richard-Johannes
1438,TÕNS,Jüri
1439,METS,Aleksander
1440,SAMPKA,Alfred
1441,VARNER,Anton-Hans
1442,PATTAK,Joann
1443,LILL,August
1444,REBINA,Hermann
1445,MÄTAS,Jaan
1446,RUVAL,Priidik
1447,TOMASBERG,August
1448,AASJÕE,Madis
1449,KIVILO,Eik
1450,KULL,August
1451,KOPPEL,Jakob-Johannes
1452,URITAM,Richard
1453,KROMEL,Gustav-Karl
1454,ECKSTEIN,Hugo-Edgar
1455,DAMPF,Villiam-Andreas
1456,SULG,Oskar
1457,PÄRG,Rein
1458,KABUR,Peeter
1459,REISBERG,Arthur-Eduard
1460,TOMINGAS,August-Reinhold
1461,UBAKIVI,Roman
1462,WHITE,Hereward
1463,HUNTER,William
1464,RANSON,John R.
1465,TOLMOFF,Oskar
1466,KUNNUS,Paul-Alexander
1467,AINDT,Eduard-Voldemar
1468,LAATS,Artur-Johannes
1469,SIMMO,Anton
1470,LIIV,Vilhelm-Heinrich
1471,VIENBERG,Rudolf
1472,ÕSSO,Leonhard
1473,VASSIL,August-Voldemar
1474,ANANITŠ,Mihhail
1475,SAALISTE,Jüri
1476,KOOK,August-Eduard
1477,TRUBOK,Julius
1478,SILVER,Mihkel
1479,TRAUT,Rudolf-Aleksander
1480,KUTSER,Eduard
1481,PETERSON,Nikolai
1482,LIMBERG,Ernst-Karl-Johannes
1483,LANTOV,Albrecht-Ferdinand
1484,LUIGA,Hans
1485,MÄNNIK,Villem
1486,JÄRVER,Juhan
1487,ORG,Jaan
1488,ALUPERE,Jaan
1489,TAMM,Joosep
1490,REKK,Karl
1491,RÜÜTEL,Alfred
1492,JÜRIMÄE,Aleksander
1493,LAOS,Hans
1494,KUURBERG,August
1495,TRUU,Alfrd-Georg
1496,VARES,Johannes
1497,ERLER,Erich-Johann-Constantin
1498,LEPP,Albert-Eduard
1499,LIPS,Peeter
1500,JAKOBSON,Gustav
1501,GUSMANN,Jaan
1502,TAMMEMÄGI,Arnold-August
1503,BARTLAND,Aleksander-Ferdinand
1504,LAMPSON,Eduard
1505,SOKOLOV,Vladimir
1506,KALJUND,Tõnis
1507,PENT,Mihkel
1508,MATTUS,Enn
1509,PLOOM,Jakob
1510,ANDERSON,Ernst
1511,TARRI,Arthur-Johannes
1512,HÜVATO,Valdur
1513,LEPP,Osvald-Aleksander
1514,LUULIK,Madis
1515,KEVEND,Karl
1516,MULDAU,Nicolai-Heinrich-Carl-Amandus von
1517,PORMANN,Johannes
1518,REHE,Friedrich
1519,GRÜNBERG,Karl-Richard
1520,MAGER,Rudolf
1521,VIRU,August-Osvald
1522,ZUPSON,Johannes
1523,AHAS,August
1524,NEEMRE,Emil-Heinrich
1525,LINDMÄE,Verner
1526,KOGER,Ado
1527,LETH,Gustav Hjalmar
1528,MÄNNIK,August
1529,KRAUS,Aleksander
1530,TUPITS,Aleksander
1531,TOIM,Johannes
1532,AHAS,Oskar
1533,TAMM,Mart
1534,TAMSON,Aleksander
1535,LUIK,Paul
1536,HINTS,Martin-August
1537,VAABEL,Oskar
1538,PALU,Oskar
1539,RATISTE,August
1540,KITSING,Jaak
1541,UNGER,Jakob
1542,SIGUR,Voldemar-Heinrich
1543,HÕBEMÄGI,Edgar-Johannes
1544,LOBJAKAS,Artur-Alfred
1545,ERGA,Avdi
1546,FELDT,Edmund
1547,JUUL,Paul
1548,KUBBO,Eduard-Alfred
1549,ROOSTALU,August
1550,ORASMAA,Johannes
1551,OSOLIN,Bertil Johannes
1552,KUSLAP,Johannes
1553,KUUSK,Eduard-Emil
1554,SILLASTE,Eduard
1555,UDER,August-Richard
1556,POTTER,Richard
1557,STOCKEBY,Hermann-Hans-Joachim
1558,MADISSON,Johann
1559,KLASMANN,Julius-August
1560,SIMMO,Gustav
1561,NEIMANN,Alfred-Johannes
1562,RAUDKIVI,Villem
1563,SEEBERG,August-Karl
1564,PEDAK,Valter
1565,KASPER,Julius
1566,KIILI,Joosep
1567,UUSTAL,August
1568,LÕHMUS,Juhan
1569,MÜLLER,Karl-Emil-Hans
1570,KVELL,Oskar
1571,OIT,Otto-Voldemar
1572,KEI,Artur-Osvald
1573,PARVEL,Alfred
1574,PÄRG,Kotlep
1575,HINNO,Paul
1576,SAAR,Johannes
1577,TALLO,Karl
1578,LUKAS,Jaan
1579,SOO,Karl-Mihkel
1580,KALDA,Joann
1581,JÕGEVEST,Juhan
1582,KULGVER,Aleksander
1583,MÄESTE,Valdo
1584,JAAKSON,Aleksander
1585,LAUR,Georg
1586,MITT,Osvald-Kristjan
1587,TAMMPERE,Paul-Osvald
1588,KULLAMÄE,Jaan
1589,AKS,Richard-Johannes
1590,LISTAKIND,Paul
1591,KEERDOJA,Karl-Robert
1592,SELVET,Aleksander-Oskar
1593,VIRALU,Nicolai
1594,VIITAK,Nikolai
1595,KURVITS,Peeter
1596,PALLANDI,Hendrik
1597,JAKOBSEN,Ludvig-Karl
1598,KOOL,Karl-Alexander
1599,KALBERG,Teodor
1600,KOPPEL,Karl-Oskar
1601,VÄLME,Henn
1602,TUUKSAM,Hans
1603,TRUBOK,Rudolf-August
1604,KAJAK,Johannes-Richard
1605,SELGVEE,Leopold-Eduard
1606,SUSI,Arnold
1607,OJASSON,Ulrich-August
1608,KANARIK,Villem
1609,LARKA,Johannes
1610,LAAMANN,Paul-Georg
1611,PLAKS,Johannes
1612,AVIK,Eduard-Johannes
1613,ALVER,Eduard-Hans-Christian
1614,RANDALU,Adam
1615,ERM,Konstantin-Friedrich
1616,JÜRGENS,Hermann
1617,PEISTIK,Johannes
1618,KALDAMÄE,Valdik
1619,KIELBERG,August-Johannes
1620,LOMUS,Eduard
1621,LOOSBERG,Johannes
1622,MÄND,Mihkel
1623,NÕGU,Aleksander
1624,PÄTS,Peeter
1625,VELLERIND,Johannes-August
1626,SIRK,Juhan
1627,SAULEP,Eduard
1628,TAMM,Karl-Johannes
1629,TAIMRE,Julius-Johannes
1630,TOOMARA,Oskar-Eduard
1631,TIITUS,Mihkel
1632,VALTER,Benjamin
1633,VÄEDEN,Villem
1634,KONGA,Voldemar
1635,BUSCH,Karl
1636,ALLIKSAAR,Anton
1637,LELL,Arnold
1638,NIGGOL,Otto
1639,PAHKLA,Aleksander-Eduard
1640,PIILOV,Konrad-Vilhelm
1641,PITKA,August-Andreas
1642,PRUAL,Oskar-Johann
1643,REINAP,Kristjan
1644,SAAL,Johannes
1645,TIIDO,Maksimilian
1646,VEIJO,Einari Walter
1647,SCHULGIN,Valentin
1648,GROUNDSTROEM,Ensio Edvard Gabriel
1649,SOMPPI,Oiva Jalmari
1650,KARSTÉN,Ernst Gustaf Lennart
1651,BRITVIN,Leonid
1652,FREJBORG,Fredrik Mikael
1653,KALM,Hans
1654,SNELLMAN,Aarne
1655,SVINHUFVUD,Gustaf Alku
1656,PÅHLSSON,Paul Emil
1657,PEKKANEN,Emil
1658,HANNULA,Bror Erik Edvard
1659,MARTTINEN,Einar Isakki
1660,KOIVISTO,Eino Yrjö
1661,ISOPURO,Akseli Rikhard
1662,MANNINEN,Eero Niilo
1663,RINNE,Kaarlo Johannes
1664,SILVENTOINEN,Yrjö Ilmari
1665,REPONEN,Sulo Helmuth Kalervo
1666,SIMOLA,Yrjö Viktor
1667,HOLOPAINEN,Soini Jalmari
1668,JOKIOINEN,Eino Urho Kustaa
1669,KALERVO,Vilho Kustaa
1670,MERILUOTO,Oskari Rikhard
1671,KALLIO,Sulo Antero Petter
1672,VOHLONEN,Oiva Lahja
1673,TAMMINEN,Johannes Arttur
1674,SAINIO,Johan Emil
1675,BERG,Ermes-Friedrich
1676,MANTERE,Kaarlo Ilmari
1677,PAAVILAINEN,Mikko Teodor
1678,OIVO,Ragnar Rafael
1679,KORHONEN,Julius Juho
1680,RAJALA,Kaarle Aukusti
1681,HAVAS,Väinö Rafael
1682,HÄLL,Pietari Einar
1683,REKOLA,Eero Rauno Arvi
1684,KUREJOKI,Eero Kustaa
1685,MURSU,Juho
1686,LAGERSTRÖM,Valter Isidorus
1687,LUOSTARINEN,Olli Ilmari
1688,RYTKÖNEN,Ilmari Elis
1689,NIKKI,Kaarlo Fredrik
1690,LAINE,Emanuel
1691,SALMINEN,Emil Arvid
1692,HAUTAVIITA,Johan Villiam
1693,SAMMALISTO,Lauri Emil
1694,KARISTO,Kalle Aadolf
1695,SAARELA,Väinö Hannes
1696,MALINEN,Antti
1697,ROUSI,Yrjö Johannes
1698,VUORENMAA,Martti Vihtori
1699,RUUTH,Weli Eemil Viktor
1700,VIRKKI,Emil Tahvo
1701,KAIKKONEN,Tauno Armas
1702,PAKASMAA,Arvo Aaro Ambrosius
1703,KARUMA,Juho
1704,HEINONEN,Kustaa
1705,MIETTINEN,Väinö August
1706,KAMSULA,Jaakko
1707,JÄRVINEN,Arvo Julius
1708,JARAMO,Sulo Toivo
1709,LAURIKKALA,Samuli
1710,HIETAKANGAS,Aarne Aleksander
1711,AHVENAINEN,Esa
1712,KATAJAMÄKI,Kaarlo Ilmari
1713,KAIHLANEN,Taavetti
1714,TECKTOLIN,Vilho Oskar
1715,ELORANTA,Svante
1716,SEPPÄLÄ,Kosti Johannes
1717,HAKALA,Kalle Antero
1718,PUHAKKA,Kalle
1719,HYRKÄS,Uuno Abraham
1720,KUJALA,Vilhelm
1721,PYYKÖNEN,Filip
1722,ROINE,Aarne Aleksanteri
1723,JALKANEN,Aarno Emil
1724,HUNNAKKO,Tuomas
1725,ENO,Juho Iivari
1726,SALO,Niilo Oskar
1727,MÄKI,Vilho
1728,JÄRVINEN,Lauri Oskar
1729,MAARANTA,Harras
1730,HEINONEN,Väinö
1731,PUNTILA,Hugo Evert
1732,TERVO,Yrjö Fredrik
1733,KOUKKARI,Arvo
1734,SUOJOKI,Evert
1735,SALINMÄKI,Otto Ensio
1736,PÖYRY,Albin
1737,TIUSANEN,Paulus
1738,LINDÉN,Kustaa Aadolf
1739,MYKKÄNEN,Väinö Paavo
1740,OLANDER,Hugo Karl
1741,SALTIN,Hilding Valdemar
1742,HIRVONEN,Aarne Petter
1743,VÄÄNÄNEN,August
1744,FORSBERG,Aarne Rafael
1745,SALMINEN,Uuno Vihtori
1746,LAITAMA,Viljo Mikko
1747,LIIMATTA,Paavo Otto
1748,HÄKKINEN,Topias
1749,HARTIKAINEN,Vilho
1750,SORRI,Teppo Alfred
1751,NURMIO,Armas Aarne
1752,KALLI,Arvi Brynolf
1753,KARES,Niilo Oskari
1754,EVELI,Yrjö Herman
1755,MASTOSALO,Yrjö
1756,PAASIOKSA,Oiva Rikhard
1757,PETAS,Viljam Aleksander
1758,KOSKINEN,Paavali Johannes
1759,HEDMAN,Alvar Edvard
1760,MIETTINEN,Eero
1761,RIIKONEN,Yrjö Armas
1762,POTILA,Harald Sakeus
1763,ALANAPPA,Arvo Matti
1764,LAURÉN,Alfred Albin
1765,SILTANEN,Heikki
1766,KIVINEN,Paavo Jalmari
1767,LAVIKKA,Juhana
1768,SUNI,Yrjö
1769,SIHVONEN,Matti
1770,LINDBLOM,J.
1771,FINNBERG,Venni
1772,HAKOSALO,Viljo Kullervo
1773,ISO-LUKKARI,Vilho Paul Lennart
1774,LEHTOSALO,Eero Mauri
1775,BERGMAN,Johan Edvard
1776,VALTONEN,Simo Antero
1777,LAAKSONEN,Yrjö Aleksander
1778,KEMPPAINEN,Urho Johannes
1779,HYVÖNEN,Armas Nikolai
1780,FROSTI,Arvo Antero
1781,ÄIJÄLÄ,Edvard
1782,LAAKSONEN,Pauli Vihtori
1783,HUHTALA,Jaakko
1784,NIKULA,Anton
1785,VESALA,Lennart
1786,ÄIKÄS,Mikko
1787,KEIJONEN,Eino
1788,TENHO,Kaarlo Henrik
1789,TUOMI,Matti Erland
1790,KAARLAS,Sten Arvid
1791,EKBERG,Thorolf Birger Jarl
1792,KOIVUNIEMI,Eino
1793,PYKÄLÄINEN,Yrjö Pellervo
1794,PÄRNITS,Johan
1795,LUHA,Adolf
1796,LÕHMUS,Jakob
1797,NIGGOL,Arnold
1798,HANSAR,Paul-Johannes
1799,PETERS,Peeter
1800,ALJES,Peeter
1801,PREEDIS,Paul-Voldemar
1802,KÜNNAPUU,Arthur-Nicolai
1803,PÕLD,Johan
1804,RIIDOLIN,Hendrik
1805,HIRT,Roman
1806,ROGER,Paul-Nikolai
1807,LUDVIG,Johannes
1808,LEMANN,Herbert-Michael
1809,VENT,Julius-Theodor
1810,TRUSKA,Julius
1811,ZIMMERMANN,Georg
1812,ARDEL,Karl
1813,PIIP,Nikolai
1814,PARTS,Gustav
1815,RESEV,Karla
1816,SPAIDEL,Otto
1817,HAHN,Johan-Heinrich
1818,RAAV,Aleksander
1819,VALK,Hans
1820,JUURIKAS,Gustav-Emil
1821,VAINDORFF,Vilhelm-Martin
1822,EKBAUM,August
1823,SÕBER,Karl
1824,SAE,August
1825,KARKLIN,Alfred-Georg
1826,RIIT,Hugo
1827,ENDE,Richard
1828,RANDES,Arand
1829,RANNASTU,Eerik
1830,OSTRAT,John
1831,ZIEHR,Oskar-Franz-Reinhold
1832,KRISTIANSEN,Johannes
1833,DRELL,August-Ulrich
1834,REINSON,Otto
1835,ROOSMANN,Georg-Eduard
1836,PETERS,Albert
1837,TAMM,Aleksander
1838,PÄRNASALU,August
1839,LUIGA,Johannes
1840,HAKK,Hugo-Voldemar
1841,MULDAU,Jüri von
1842,PEEBUS,Eerik
1843,TOMSON,Johannes
1844,SEMPELSON,Juhan
1845,SABURI,Rudolf
1846,SAAL,Anton
1847,NEPS,Karl
1848,ELBRECHT,Alfred
1849,HIRVE,Vladimir
1850,IRV,Anton
1851,SABOLOTNY,Reinhold
1852,RATASSEPP,Jüri-Robert
1853,KUPERJANOV,Julius
1854,ELLER,Oskar
1855,JÜRGENS,Erik
1856,ÕUNAPUU,Anton
1857,TABUR,Jakob
1858,VEBER,Friedrich-Leonhard
1859,PRIGGO,Paul-Johannes
1860,JUKK,Johannes
1861,JÜRGENSON,Eduard-Mart
1862,VÄLJAOTS,Johannes
1863,PENDIS,Johan
1864,ONIKS,Johannes-Simon
1865,TULMIN,Karl
1866,KRUUSMANN,Jüri
1867,VREEMANN,Friedrich
1868,JÜRGENS,Arnold-Johannes
1869,AGGER,Georg-Voldemar
1870,LILJENCRANTZ,Sven Henrik August Wilhelm Albert
1871,DANE,Einar
1872,TAMMELIN,Harry Eugen
1873,JOHANSSON,Arvid
1874,NYHOLM,Christian Valdemar
1875,SAMZELIUS,Bo Gunnar Bertil
1876,LISELL,Per
1877,WIBERG,Erik Viking Garibaldi
1878,THEANDER,Josef Lorenz
1879,ANDERSEN,Harald Charles
1880,HOLSTEIN,Ernst Emil
1881,HANSEN,Kai Louis
1882,KLINGEMANN,Otto Christian Viggo
1883,ZELTNER,Knud Valdemar
1884,THEILMANN,Axel
1885,STEFFENSEN,Vagn Stephani Læsøe
1886,OPFFER,Søren Christian
1887,BEYER,Christian August
1888,LARSEN,Alfred Lauritz
1889,KOFOED,Hans Oscar
1890,COUR,Charles Theodor Dornonville
1891,MORTENSEN,Jens Martinus
1892,POULSEN,Alfred Johannes
1893,MUNCH-ANDERSEN,Erik Hansen
1894,GELDORF,Peter Viggo
1895,BORGELIN,Richard-Gustav
1896,THORBJØRNSEN,Jens Vilhelm
1897,PERONARD,Erneste
1898,LARSEN,Hans Christian Lauritz
1899,OLSSON,Axel Oskar Valdemar
1900,HANSEN,Axel Harald
1901,KRAUSE,Charles Alfred
1902,JENSEN,Hans Christian
1903,JENSEN,Iver Friederich
1904,HARVEY,Charles
1905,DALLEY,Robery
1906,HINCHCLIFFE,Alfred
1907,SMITH,William George
1908,BREMNER,Alexander Richard
1909,McVEIGH,Samuel
1910,SCALES,Walter Montague
1911,TIDY,Alfred William Henry
1912,WHYTE,William Eric
1913,THATCHER,Francis Leslie Howe
1914,SADLER,Harry Eric
1915,CLARKE,Edwyn Thomas
1916,PRATTEN,Robert George
1917,PIPER,Albert Victor
1918,MASTERS,Baden Marples
1919,GASCOYNE,Vernon Fisher
1920,DUNKLEY,Henry John
1921,STEPHENS,Francis Edward
1922,REYNISH,Benjamin
1923,YEOMAN,Ernest
1924,HOLMES,Sidney Davison
1925,HOCKENSMITH,Roy K.
1926,BRIDWELL,Rosser Evans
1927,VOYES,Marcel Raymond
1928,MAURER,Herbert-Alfred-Eduard
1929,MIRKA,Andres
1930,VILLUP,August
1931,KADAK,Jaan
1932,ALT,Martin
1933,SÄRGAVA,Otto
1934,MEKLER,Johannes
1935,EIMRE,Erich-Johannes
1936,VAIGU,Juhan
1937,HENDERSON,Loy Wesley
1938,POLLATTS,George
1939,TRYON,Lewis Royer
1940,WHITAKER,J. Atwood
1941,RINDGE,Harry C.
1942,MASSEY,S. P.
1943,BROWNE,Jay F.
1944,MALCOLM,J. V.
1945,BUTLER,Lee D.
1946,SMITH,Willard Carl
1947,ROGERS,B. G.
1948,NORBECK,Hugo Rudolf
1949,LASSUS,Raoul de
1950,CAZ,David
1951,KAY,W.
1952,HEURLIN,Maunu Ossian af
1953,LAGERSTRÖM,Agnes
1954,KALPA,Kaarlo Ilmari
1955,RUNKO,Petter Johannes
1956,POHJALA,Kyllikki
1957,ANTIKAINEN,Suoma Aura
1958,TOIVONEN,Alli
1959,ESKELINEN,Liina
1960,BURGMAN,Iida Johanna
1961,PÅHLSSON,Anna Emilia
1962,RAUTANEN,Maria Wilhelmiina
1963,SEPPÄLÄ,Aappo Aarne
1964,MELARTIN,Kaarlo Joonatan
1965,KALLIOINEN,Lauri
1966,HIPPIUS,Elfrida von
1967,RAMSAY,Dagmar Natalie
1968,LODE,Torsten Leonhard
1969,WESTENHOLZ,Aage
1970,FORSELLES,Jenny Mathilda af
1971,JALASMAA,Hilda Maria
1972,FRISK,Minna
1973,PUOLANNE,Maria Alexandra
1974,LOUHIVUORI,Hilja Siviä
1975,HEURLIN,Paula af
1976,LEPISTÖ,Erkki
1977,SINERVÄ,Anders Uuno
1978,HOLMSTRÖM,Henrik Ossi
1979,KOIVUKOSKI,Juho
1980,KUUSSAARI,Eero Vilho
1981,PUUSTINEN,Viljo Ilmari
1982,KAILA,Elmo Edvard
1983,WÄLIKANGAS,Eino
1984,NUUTINMÄKI,Eino Oskari
1985,RÖNNLUND,Eino Jakob
1986,MYLLYLÄ,Juho Jaakko
1987,OJANSUU,Heikki August
1988,KLEMETTI,Heikki Valentin
1989,SALMINEN,Väino William
1990,KETTUNEN,Hilja Armida
1991,AUER,Ilmari
1992,OTTELIN,Einar Arno
1993,ERKKO,Maria Aurora
1994,WUORENHEIMO,Agnes Augusta Charlotta
1995,HAGAN,Lyyli Ingrid
1996,YRJÖ-KOSKINEN,Toini Maria
1997,FORSMAN,Hilma Aleksandra
1998,LAIHIA,Sandra
1999,TUOMINEN,Toivo Ilmari
2000,CEDERBERG,Otto-Elias
2001,TARKKA,Aili
2002,LIPPONEN,Anna
2003,HJELT,Vera Augusta
2004,HILDÉN,Hannes
2005,OKSANEN,Olli Adolf Jeremias
2006,THÚRE,Petter
2007,ESKOLA,Maria Matilda
2008,LILLE,Sofia Mathilda
2009,KÄPY,Artturi Akseli
2010,VESTERINEN,Emil
2011,HURMERINTA,Kaarlo Viktor
2012,KORHONEN,Y.
2013,VAULA,Elma Matilda
2014,MANNER,Ella
2015,PONSI,Arvid
2016,SILÉN,Helga
2017,LEHTO,Aili
2018,SIMELIUS,Aili Maria
2019,KEIMILÄINEN,Lauri August
2020,NISKANEN,Ville
2021,TROUPP,Anders
2022,GÖÖS,Lydia
2023,JOHNWICK,Stanley Adam
2024,IKONEN,Väinö Vilho
2025,LATVA,Mikko
2026,KALLIO,Tobias
2027,RIIJÄRVI,Vihtori Hesekiel
2028,PIHKALA,Martti Aleksander
2029,TAKKALA,Kauno Ilmari Matias
2030,AHVENAINEN,Väinö
2031,SUOSALMI,Oiva Toivo
2032,KOSOLA,Iisakki Vihtori
2033,ORRENMAA,Heikki Vilhelmi
2034,KIVIMÄKI,Juha Sanfrid
2035,ESKOLA,Juho
2036,ISOTALO,Antti
2037,IKOLA,Jaakko Oskari
2038,BJÖRKLUND,Isak Theodor
2039,RODEN,Astley Waldemar
2040,KAITERA,Isak
2041,TUOMPO,Johan Eberhard
2042,ANDERSSON,Lauri Adolf
2043,HANNUNIEMI,Juho August
2044,OLLILA,Väinö Nikolaus
2045,WESTERLUND,Axel
2046,RIHTNIEMI,Volter
2047,KAUKONEN,Antti
2048,HANNIKAINEN,Karl Onni Gerhard
2049,KALHA,Jalmari Evert
2050,MARKKULA,V.
2051,SAHLSTRÖM,Aleksander
2052,CALONIUS,Matti Ernest Gustaf
2053,KEHVOLA,Kyösti Antti
2054,HAVU,Ilmari
2055,HAVAS,Eino Soini
2056,AHLA,Lempi Maria
2057,MIKKONEN,Armas Antti
2058,ABEL,Eduard-Karl-Adolf
2059,RAJALA,Gustav
2060,LÄÄNE,Voldemar
2061,PALM,Aleksander
2062,KORB,Peeter
2063,LOKKO,Gustav
2064,INTI,Oskar
2065,KARU,Julius
2066,UIBO,Rudolf
2067,SAVIAUK,Johannes
2068,KULL,Villem
2069,HYPPÖNEN,Heikki
2070,OITTINEN,Väinö Jooseppi
2071,HELMIJÄRVI,Sven Petter
2072,AHTI,Väinö Päiviö
2073,ERMISCHEFF,Tihon
2074,LOUHILA,Otto
2075,NORELMA,Georg Edvin
2076,LINDBERG,Lars Johan
2077,SILTANEN,Antti
2078,TIAINEN,Yrjö
2079,ANTTILA,Einari
2080,SAHA,Tenho Tapio
2081,VEHNIÄINEN,Aulis Armas
2082,LILJESTRÖM,Karl
2083,MYKKÄNEN,Sulo Arvi
2084,OLLILA,Bruno
2085,LAURIKAINEN,Yrjö Antero
2086,TAMMILUOTO,Yrjö Johannes
2087,PENTTILÄ,Aleksi
2088,KANANEN,Artturi
2089,HEIKKILÄ,Kalle Nikolai
2090,LAITINEN,Siivo Johannes
2091,SAINE,Sakari Veli
2092,ROSBLOM,Edvard Nikolai
2093,REIMAN,Antti
2094,JANTUNEN,Simo
2095,KORVELA,Arvid Einar
2096,HAPPONEN,Juho
2097,SÄLES,Alfred
2098,REINIKAINEN,Matti
2099,VIINAMÄKI,Nestor
2100,MARJANEN,Aapeli
2101,TASKINEN,Frans
2102,SILLANPÄÄ,Jalo Toivo
2103,PULKKINEN,Enok
2104,HÄYRYNEN,Kalle
2105,AALTIO,Toivo Edvin
2106,KESKIPOIKELA,Matti Vilho
2107,NIKKILÄ,Yrjö Henrik Aleksander
2108,UUSITALO,Lauri Eemil
2109,HYTÖNEN,Tauno Aulis
2110,KOIVISTO,Iisakki Viljami
2111,PAJALA,Matti
2112,KANGASKOKKO,Israel
2113,BERANCE,Risto
2114,SILVA,Torsten Ossian
2115,KORTESMAA,Wiljo Henrikki
2116,KETTUNEN,Kalle
2117,MULARI,Tuomas Iivari
2118,MALANDER,Antti Nikolai
2119,HONKANIEMI,Siinto Oskar
2120,PALMU,Eino Armas
2121,FILPPULA,Juho Antton
2122,SAARIKANGAS,Martin Viktor
2123,LYYTIKÄINEN,Eemeli
2124,LINDSTRÖM,Toivo Johannes
2125,PAUNU,Viljo Ferdinand
2126,MÄKELÄ,Martti
2127,HÄMÄLÄINEN,Josef
2128,TAMMELIN,Kustaa Herman
2129,PAKKANEN,Nestor
2130,HYÖKY,Paavo Kalervo
2131,RÄSÄNEN,Niilo Elias
2132,SÄTERI,Artturi Adolf
2133,MURTO,Leo Vilhelm
2134,KUTTINEN,Toivo Pietari
2135,ASIKAINEN,Lauri Armas
2136,MARKKULA,Arvo Emil
2137,FLANDER,Tuomas Wilhelm
2138,OKSMAN,Hannes
2139,NIEMINEN,Emil
2140,HELSKE,Lauri Jafet
2141,SALIMÄKI,Eino Johannes
2142,BÄCK,Pentti Ahti
2143,YLITALO,Antti Isak
2144,PERNU,Kaarle Alfred
2145,RUUSKA,Vilho Anton
2146,HEISKALA,Henrik Edvard
2147,WESA,Johan Kustaa
2148,MALKAMÄKI,Antti
2149,KÄRKKÄINEN,Augusti
2150,MÄKI,Matti
2151,SORONEN,Eino
2152,KUHA,Matti
2153,HAIKOLA,Antti Ilmari
2154,FISK,Kaarlo Heikki
2155,PUOLAKKA,Yrjö Iisakki
2156,VIRKKALA,Elis
2157,PITKÄNEN,Eino Arvi Henrik
2158,HILLILÄ,Kaarlo Henrik
2159,NUORVAARA,Eino Antero
2160,RAINIO,Matti
2161,STAVÉN,Toivo Ilmari
2162,HEIKKILÄ,Juho Leander
2163,UOTILA,Martti Elias
2164,MAURI,Kaarle Matias
2165,LAINE,Emil Urho
2166,PINOMÄKI,Ilmari Yrjö
2167,PELANEN,Mikko
2168,RAMPA,Matti
2169,HEINONEN,Aukusti Väinö
2170,SALMELA,Kaarlo Taavetti
2171,PAJUNEN,Arne Johannes
2172,SYLVÄNNE,Kosti Petteri
2173,JÄRVIHAAVISTO,Frans Yrjö
2174,MARTTINEN,Kalle Einar
2175,PALONEN,Eino Teodor
2176,HEIKKILÄ,Eino Viktor
2177,LAMPISUO,Paavo Johannes
2178,SAARINEN,Kalle Vihtori
2179,HAKAMÄKI,Svante Arvid
2180,ALANEN,Sylvester
2181,LASSANDER,Rafael
2182,PAIJOLA,Selim Erik
2183,ARONEN,Karl Albert
2184,JOKIRANTA,Alarik
2185,PAAVILAINEN,Lauri Adolf
2186,HARJUSVUO,Vilho Akseli
2187,MIKKOLA,Kalle
2188,ROKKILA,Hugo
2189,HARJU,Kaarlo Eerikki
2190,KLEMETTI,Benjamin
2191,BROSTRÖM,Yrjö Aatto
2192,YLI-POHJA,Kaarlo
2193,AHOPELTO,Matti
2194,JUNTIKKA,Petter Vilhelm
2195,LENSU,Toivo
2196,SIROLA,Bruno Jalmar Ferdinand
2197,VÄÄNÄNEN,Antti Ville
2198,RAATIKAINEN,Paavo Harras
2199,HEIKKILÄ,Väinö Eemeli
2200,RAATIKAINEN,Uuno
2201,LOIVE,Lauli Runar
2202,OJALA,Anders Väinö
2203,BONSDORFF,Kasimir Valfrid von
2204,JUNNILA,Paul August
2205,TIIHONEN,Julius
2206,ÖSTENSON,Karl Erik Frithiof
2207,KETOLA,Yrjö
2208,KOCH,Aleksanteri Valdemar
2209,BOMAN,Väinö Volmari
2210,OKERO,Lauri
2211,KATTAINEN,Matti
2212,VIRTANEN,Uuno Robert
2213,JUSSILA,Johannes Mikael
2214,VARTIAINEN,Valdemar
2215,KURKI-SUONIO,Oskar Alexander
2216,RAHOLA,Eero Akseli
2217,MARTONEN,Emil Rikhard
2218,DAHLMAN,Karl Rafael
2219,HANNULA,Erkki
2220,KIROTAR,Elmar Juhan
2221,EKSTRÖM,Martin Eugén
2222,KANERVA,Severi
2223,HAARTMAN,Erik Robert Ludvig von
2224,FRANZÉN,Eric Fritz
2225,MALMBERG,
2226,ESKOLA,Anto Nestori
2227,OLLONQVIST,Lars Gustav
2228,SKRABB,Harald Ragnar
2229,LAAKSONEN,Yrjö William
2230,MALM,Sulo Aate
2231,DAHLGRÉN,Bror
2232,NORME,Karl Holger Athniel
2233,HAYEN,Georg Heinrich
2234,VARMAVUORI,Kaarlo Erkki Aleksanteri
2235,HJELT,Bror Sixten
2236,HELLSTÉN,Birger
2237,LYLY,Kosti Johannes
2238,WEST,Carl Sigurd
2239,BÄCKSTRÖM,Einar Johannes
2240,PACIUS,Börje Olaf
2241,KURVINEN,Otto
2242,KERVINEN,Uuno Harald
2243,CARLSSON,
2244,MATTSON,Verner Vilhelm
2245,HULMI,Vieho Johannes
2246,OITTIO,
2247,ROOS,
2248,SARÉN,Max Ossian
2249,TAPIO,Eino Sakari
2250,MALMBERG,Evert Birger
2251,ASPELIN,Helge Gunnar
2252,HALONEN,August
2253,JÄRVINEN,
2254,KULVES,Pehr
2255,ANDSTRÖM,Lauri Kalervo
2256,VALKAMO,Sigurd Viktor Matteus
2257,JOSEFSSON,Sigurd Erik
2258,JOKINEN,Elias
2259,GRÖNQVIST,Bruno Rafael
2260,KIVI,
2261,EKMAN,Emil
2262,MANELIUS,Ilmari Edvard
2263,HELMINEN,Birger
2264,HORSMALA,Arnold Ferdinand
2265,ALÉN,Viljo Albin
2266,PAALANEN,Eetu
2267,KALLIO,Kaarlo
2268,KARJARINTA,Yrjö
2269,LAITAKARI,Yrjö Viktor
2270,WIRTALA,Otto Ilmari
2271,KUULA,Kaarle Lauri
2272,SUOMINEN,Fredrik Vilhelm
2273,TERENIUS,Lennart
2274,SOANLINNA,Väinö Vilhelm
2275,ELFGRÉN,Inge Helge Bernhard
2276,BILKENROTH,Gunnar Waldemar
2277,LINDBERG,Arvo Niilo
2278,SIPILÄ,Väinö Johannes Valdemar
2279,JÄRVINEN,August
2280,SILVIKKO,Thor Axel Hilding
2281,VIAS,Emil Arvid Johan
2282,LAITINEN,Pietari
2283,AJO,Matti Antero
2284,ROTH,Göran
2285,LINDMAN,Arthur Viking
2286,NYQVIST,Hemming Vilhelm
2287,LINDGRÉN,Lauri
2288,MALINEN,Osmo Toivottu
2289,PAAVOLA,
2290,JÄRVINEN,Uuno
2291,TOIVONEN,Uno Atte
2292,PETTERSSON,Viktor J.
2293,GERMAN,
2294,VASENIUS,Erik
2295,LYCKMAN,Oskar A.
2296,EKMAN,
2297,SILÉN,Valfrid
2298,SKOG,Karl Herbert
2299,BERGLUND,Gunnar
2300,SCHERING,Josef Leander
2301,LÖFSTRÖM,Einar Julius
2302,TALLBERG,Einar Alarik
2303,PIHLAJARANTA,Oskar Hugo
2304,HOLMBERG,Ernst Valdemar
2305,BACKMAN,
2306,PAKKALA,Frans
2307,VALLERT,Kaarle
2308,TALPO,Oiva Ahti
2309,KARJARINTA,Pertti
2310,ALAVIITA,Onni Johannes
2311,KUVAJA,Evert
2312,NENONEN,Elias
2313,SALONEN,Fredrik Kustaa
2314,KOSKINEN,Lauri
2315,MERTANIEMI,Heikki
2316,PORA,Väinö Fredrik
2317,GUSTAFSSON,Martti Lambert
2318,NYMAN,Robert
2319,STENMAN,Jarl Ernst
2320,OTHMAN,Paul Leander
2321,WILLBERG,Thure Auckland
2322,SÖDERBLOM,Magnus Akilles
2323,LAHTI,Aimo
2324,MIKLI,Kustav
2325,PALL,Aleksander
2326,PEDAJA,Jaan
2327,WETZER,Paul Martin
2328,LINDBERG,Artur
2329,GÖÖS,Karl Hjalmar
2330,ALFTHAN,Kristian Axel
2331,GUDME,Iver de HEMMER
2332,KOMATSUBARA,Michitaro
2333,ZEMITĀNS,Jorģis
2334,JANSONS,Jūlijs Voldemārs
2335,KALNIŅŠ,Eduards
2336,RYAN,Edward William
2337,ROBINSON,Aylmer Francis
2338,LUCAS,J.
2339,BONNE,Louis
2340,BEAUREPAIRE,de
2341,MACGREGOR,Philip Arthur
2342,WOODHOUSE,Richard Clayton
2343,COLLINS,Walter A. S.
2344,DERJUGIN,Anatoli
2345,COWAN,Walter Henry
2346,ALEXANDER-SINCLAIR,Edwyn Sinclair
2347,THESIGER,Bertram Sackville
2348,DUNBAR-NASMITH,Martin Eric
2349,HORTON,Max Kennedy
2350,DONALD,David Grahame
2351,WILLIAMS,Thomas Melling
2352,RANDALL,Arthur Clunie
2353,FLETCHER,Albert William
2354,BOUMPHREY,Colin
2355,DOBSON,Claude Congreve
2356,AGAR,Augustus Willington Shelton
2357,YATES,Francis Bertrand
2358,BRADE,Frank Tomkinson
2359,FAIRWEATHER,James McGregor
2360,BOOTH,Lionel James
2361,STEELE,Gordon Charles
2362,McBEAN,Russell Hamilton
2363,BREMNER,William Hamilton
2364,NAPIER,Laurence Egerton Scott
2365,BOLDERO,John Christian
2366,BODLEY,Edward Roland
2367,HOWARD,Francis Walter
2368,HUNTER-BLAIR,Ronald
2369,WIGHT,Robert Leslie
2370,MORLEY,Norman Eyre
2371,SINDALL,Edgar Robert
2372,GIDDY,Osman Cyril Horton
2373,USBORNE,Thomas Richard Guy
2374,MARSHALL,Richard Nigel Onslow
2375,BREWERTON,Eric
2376,WHIPPEY,Frederick Arthur
2377,WALNE,William Sydney James
2378,CHANDLER,Louis James
2379,JENNER,Frank Clifford
2380,LEES,Alexander
2381,KLEIN,Valdemar Anton Carl
2382,LUNDSTEIN,Ludvig Boye
2383,SAMUELSEN,Jens Emanuel
2384,HINDSE-NIELSEN,Svend
2385,LAURENT-CHRISTENSEN,Axel
2386,HAGENFELDT,Villiam Lambert Louis Robert
2387,MØLLER,Signe
2388,CHRISTIANSEN,Anna
2389,HEINRICHSEN,Karen
2390,BUSCH,Mathilde
2391,MØLLER,Jenny
2392,SKOV,Sigrid
2393,OLSEN,Caroline
2394,HJORTH,Valborg
2395,LUND,Anna Margrete
2396,HEINRICHSEN,Johnny
2397,MALMBERG,Carl-Georg
2398,GOUGH,Hubert de la Poer
2399,HAKING,Richard Cyril Byrne
2400,MARSH,Frank Graham
2401,TURNER,Arthur Jervois
2402,HERAPATH,Lionel de la More
2403,SCOBELL,Sanford John Palairet
2404,WILSON,Walter Caradine
2405,SHERBROOKE,Nevile Hugh Cairns
2406,BAVIN,Arthur Julian Walter
2407,HEWITT,H. M. P.
2408,SEAGRIM,A. H.
2409,FITZHUGH,Terrick Charles
2410,FITZGERALD,John Sidney North
2411,SHAW,J. H. De B.
2412,PEARSON,Guy Cameron
2413,SAUNDERS,Eric George
2414,TREND,Walter Gristock
2415,ROSS,William
2416,DARE,A. L.
2417,CAIRD,Alexander T.
2418,BATCH,Percy James
2419,MILLER,A.
2420,RÕUK,Teodor
2421,BUXHOEVEDEN,Peter-Eugen-Arthur parun von
2422,VANAVESKI,Hans
2423,TÕNSON,Leopold-Herrmann
2424,TOMBACK,Rein
2425,ROTBERG,Tõnis
2426,KARUNGA,Robert-Johannes
2427,PARVAL,Alfred-Karl-Johann
2428,ANDRESMAA,Bernhard-Heinrich
2429,RUUS,Peeter
2430,WARMA,Aleksander
2431,BORKVELL,Julius-Albert
2432,MASIK,Joann
2433,TAMM,Villem
2434,MULTER,Heinrich-Eduard
2435,IVALO,Santeri
2436,LOUHIVUORI,Oskari Wilho
2437,KETTUNEN,Lauri Einari
2438,HOLMA,Harri Gustaf
2439,HONKAJUURI,Iivari Mauri
2440,PALOHEIMO,Karl Alfred
2441,FREY,Alexander
2442,LAVONIUS,Wilhelm Alexander
2443,RITAVUORI,Heikki
2444,HORNBORG,Eirik Mikael
2445,HEDBERG,August Reinhold
2446,KALLIO,Kyösti
2447,ALKIO,Santeri
2448,JUUTILAINEN,Antti
2449,PELTONEN,Yrjö Einari
2450,RUUTU,Yrjö Oskar
2451,KAUKORANTA,Toivo Johannes
2452,SOPANEN,Eino Rainer
2453,WINTER,Gustaf Johannes
2454,WICHMANN,Seth Edvin
2455,GIERS,Gunilla
2456,SARVA,Väinö Gunnar
2457,ENCKELL,Carl Johan Alexis (VV muutis hiljem otsust)
2458,KAILA,Toivo Torsten
2459,PERRET,Gustaf David Alexander
2460,WREDE af ELIMÄ,Gustaf Oskar Axel
2461,RUNEBERG,Einar
2462,SCHWINDT,Ludvig August
2463,MARTNA,Mihkel
2464,VIRGO,Eduard-Reinhold
2465,MENNING,Karl
2466,SELJAMAA,Julius-Friedrich
2467,KALLAS,Oskar-Philipp
2468,PUSTA,Kaarel-Robert
2469,TALTS,Aleksander
2470,KONIK,Konstantin-Aleksander-Oskar
2471,SÄKK,Eduard
2472,RAAMOT,Jaan
2473,REI,August
2474,KÖSTNER,Nikolai
2475,JAAKSON,Jüri
2476,KUKK,Juhan
2477,STRANDMAN,Otto-August
2478,PEET,August
2479,LUTS,Karl-Friedrich
2480,PÄTS,Voldemar
2481,VILMS,Jüri
2482,BALODIS,Jānis
2483,MIGLAVS,Jānis
2484,BERĶIS,Krišjānis
2485,IVANSONS,Oskars Arveds
2486,PIIP,Ants
2487,BREDE,Herbet-Lorenz-Georg
2488,HELLAT,Jüri
2489,WEISS,Constantin-Alexander-Clemens
2490,KAULER,Hugo-Eduard
2491,PULK,Aleksander-Voldemar
2492,OSTROV,Mihkel
2493,KASK,Aleksander
2494,REIMANN,Gustav-Oskar
2495,TALLENTS,Stephen George
2496,GADE,John Allyne
2497,SMYTHIES,Lancelot Alan
2498,KURVITS,Ants
2499,MUTT,Viktor
2500,STERNBECK,Otto
2501,RAUDVERE,Oskar-Aleksander
2502,AHMAN,Eduard
2503,OJASOON,Albert
2504,TULNOLA,Hengo
2505,RAUDNE,Osvald
2506,TÄHT,Rein
2507,ENGMAA,Arved-Johannes
2508,MARDER,Villem-Gustav
2509,NEGGO,Edgar-Richard
2510,RISTOJA,Karl
2511,EVERTSON,Arnold-Robert
2512,TÕNSO,Ferdinad-Voldemar
2513,TEDER,Aleksander
2514,KURSK,Emil-Aleksander-Leonhard
2515,MOIK,Bernhard-Johanes
2516,RAUDSEPP,Rudolf
2517,OSTRAT,Johann
2518,TULFF,Karl-Johannes
2519,LESSEL,Richard-Vilhelm-Paul
2520,RAZUMOV,Georgi
2521,VIHMANN,Johannes
2522,PIIR,Rudolf
2523,JÕGI,Johannes
2524,LEMBRA,Johannes
2525,LINTS,Rudolf-Johannes
2526,PIPERAL,Mihkel
2527,ROSALK,Aleksander
2528,LUIK,Richard-August
2529,FEOFANOV,Georgi
2530,PIHO,Rudolf
2531,POBOL,August
2532,TANILAS,Paul
2533,TAEKER,Julius-Alexander
2534,MEEL,Konstantin
2535,LINK,Nikolai-Vilhelm
2536,HEINRICHSEN,Edgar-Georg-Heinrich
2537,MÖLLERSON,Rudolph-Alexander
2538,SAARNOK,Leo
2539,ANGELUS,Oskar-Georg-Richard
2540,ABRAMS,Bernhard-Johannes
2541,HINNOM,Arnold-Johannes
2542,RANDLA,Jüri
2543,SAEMETS,Harry-Reinhold
2544,KOIK,Allo
2545,REMMA,Mihkel
2546,MELTS,Eduard-Kristjan
2547,LUGUS,Jaan
2548,VESTEL,Georg-Hugo
2549,BERGMANN,Martin-Friedrich
2550,VILLEMI,Paul-Aleksander
2551,TAKEL,Aleksander
2552,VASKO,Johannes-Rudolph
2553,HÄNNINEN,Mikko
2554,SALU,Jüri
2555,BARTELS,Ado
2556,LAURSON,August
2557,KLETTENBERG,Aleksander
2558,PUIDAK,Heinrich
2559,GENGELBACH,Valter-Friedrich
2560,TÕLLASEPP,Jaan
2561,MUST,Johannes
2562,MILLISTFER,Johan
2563,ORAV,August-Karl
2564,LARVEN,Johannes-Alfred
2565,KOIK,Jaak
2566,HIRJEL,Jaan
2567,LILLEMAA,Aado
2568,SING,Johan
2569,INGEL,Johannes
2570,NÕMMIK,Mihkel
2571,TAMMEKAND,Kaarel-Ruudolf
2572,RIISENBERG,Jaan
2573,RÜNK,Rudolf-Johannes
2574,REITEL,Konstantin-Aleksander
2575,MIIL,Karl
2576,JÜRGENSON,Julius
2577,TORMA,August-Johannes
2578,JUNKUR,Jaan
2579,LAURSON,Leo
2580,SIHVRE,Elmar
2581,PIŁSUDSKI,Józef Klemens
2582,DOWBOR-MUŚNICKI,Józef
2583,HALLER de HALLENBURG,Józef
2584,SZEPTYCKI,Stanisław Maria Jan Teofil
2585,SOSNKOWSKI,Kazimierz
2586,SIKORSKI,Władysław Eugeniusz
2587,ROZWADOWSKI,Tadeusz
2588,HALLER de HALLENBURG,Stanisław
2589,RYDZ-ŚMIGŁY,Edward
2590,IWASZKIEWICZ-RUDOSZAŃSKI,Wacław Teodor
2591,RYBAK,Józef Artur
2592,MATUSZEWSKI,Ignacy Hugo
2593,PISKOR,Tadeuz Ludwik
2594,LAUDAŃSKI,Stanisław Antoni
2595,NOYES,Durrell L.
2596,YOUNG,Evan Erastus
2597,WILTON,Ernest Colville Collins
2598,ENCKELL,Carl Johan Alexis
2599,LAIPMANN,Aleksander-Hans
2600,HANSEN,Edgar-Harry-Hermann
2601,BUCK,Arnold
2602,SANGERNEBO,Elmar
2603,KÜNNAPUU,Johan
2604,SOOVIK,Edgar-Jaan
2605,BACHMANN,Egon-Adam
2606,SAAR,Eduard
2607,OJA,Jaan
2608,TAMM,Julius
2609,ERIK,Voldemar (uus tunnistus)
2610,SALMINEN,Aarne Antero Johannes
2611,JUUTILAINEN,Viljo
2612,LINDELL,Leo Oskar
2613,PETRAMAA,Tiera
2614,BROCK,Fredrik
2615,UNTOLAHTI,Herman
2616,LAMPINEN,Onni Johannes
2617,KARPPI,Toivo Hannes
2618,OKSMAN,Juho
2619,PENNOLA,Martti
2620,RÄINÄ,Aslak Juho Aukusti
2621,MATSON,Alexander
2622,MÄLKÖNEN,Aino
2623,HEIKKILÄ,Paul
2624,THAVENIUS,Lars Ludvig
2625,SIPPOLA,Kalervo Kuudes Veikko
2626,RUDA,Viktor Einar
2627,WILÉN,August Waldemar
2628,AULO,Onni Valdemar
2629,KLING,Nils Wilhelm
2630,NIKANDER,Edvard Johannes
2631,NIEMI,
2632,PARVIAINEN,Matti Pietari
2633,GUSTAFSSON,Axel Magnus
2634,GUSTAFSSON,Herman
2635,GUSTAFSSON,Einar
2636,SANDSTRÖM,Lauri Jonathan
2637,LINDROOS,Sven Edvard
2638,PULKKINEN,Otto Arvid
2639,VECKSTRÖM,Markus
2640,BERG,Karl
2641,LINDROOS,Guido Gideon
2642,VIRTANEN,Erik Anton
2643,KIHLSTRÖM,Edmund Alexander
2644,FORSBERG,Nils
2645,SJÖSTRÖM,Edgar
2646,SITINSKIJ,Georg
2647,JOHANSSON,Valter
2648,LINDSTRÖM,John
2649,LINDSTRÖM,Georg Richard
2650,RIIPOLA,Uuno Konstantin
2651,KALEVA,Viljo
2652,PESONEN,Lauri Immanuel
2653,TUOMINEN,August
2654,LAINE,Kaarlo
2655,DRAKE,Karl Einar
2656,HOLOPAINEN,Eino
2657,BLOMQVIST,Karl Lauri
2658,WITTING,Emil Nikolai
2659,HÄRKÖNEN,Jussi
2660,ROSENQVIST,Georg
2661,NYSTRÖM Karl Erik,
2662,LÄHTEENMÄKI,Paavo Oskar
2663,AALTONEN,Arvo Aatto
2664,LINDÉN,Arvid Johannes
2665,STENBERG,Elias
2666,RIIHINEN,Onni Hjalmar
2667,LASSILA,Helge Emil
2668,KONTTAJÄRVI,Juho Albanus
2669,SAXÉN,Alvar Inge
2670,PELIN,Joel Jeremias
2671,EHNROTH,Martin August
2672,HÅKANSSON,Lars
2673,SAARI,Urho Johannes
2674,NIEMI,Lauri
2675,VOLLERT,Karl
2676,KULMALA,Emil
2677,OLSSON,Valdemar
2678,LARSSON,Alfred
2679,REINLUND,Karl Villiam
2680,OLSSON,Tauno
2681,EKBLOM,Bertil
2682,STENBERG,Karl Herman
2683,TORNBERG,Henrik Mikael
2684,RIHTNIEMI,Elja
2685,KOSKELAINEN,Yrjö
2686,ZIDBÄCK,John Elis
2687,ERONEN,Leo Daniel
2688,RAITIO,Martti Ilmari
2689,POHJANPALO,Toivo Ilmari
2690,VÄÄNÄNEN,Aatami Eenokki
2691,BJÖRKSTEN,Thure Gustav Alfred af
2692,OSMA,Yrjö
2693,RAUTANEN,Lauri Kustaa Waldemar
2694,HORNBORG,Ingrid Margareta
2695,ALMQVIST,Johan Gustaf
2696,TUOMINEN,Johan
2697,LINDQVIST,Gunnar Isak
2698,KUOKKANEN,Eero Kustaa
2699,LAURAMO,Ludvig
2700,KURKINEN,Martta
2701,KIVEKÄS,Kaarlo Edvard
2702,ABŁAMOWICZ,Konstanty
2703,HASMANIS,Viktors
2704,DRYMMER,Wiktor Tomir
2705,LIBLIK,August (uus tunnistus)
2706,HUSSAR,August (uus tunnistus)
2707,PÄRN,Magnus-Evald (uus tunnistus)
2708,OLL,Vassili (uus tunnistus)
2709,MAISAAR,Jaanus-Karl (uus tunnistus)
2710,SEPP,Johannes (uus tunnistus)
2711,LEETMAA,Ado (uus tunnistus)
2712,SELVET,Aleksander-Oskar (uus tunnistus)
2713,KAUP,Jaan (uus tunnistus)
2714,PRUS-BOGUSŁAWSKI,Stanisław
2715,KAPTEIN,Rudolf
2716,PESUR,Albert
2717,KIVINURM,Alfred-Ferdinand
2718,KENG,August
2719,ROSSLÄNDER,Herman
2720,KÕU,Jaak
2721,SAARUP,August
2722,AIMLA,Rudolf
2723,MUINASMAA,Jaan
2724,LÕHMUS,Ants
2725,TRAKSMAA,August
2726,PREI,Jakob
2727,MARIPUU,Villem
2728,RIIK,Alexander
2729,ADISSOO,Villem
2730,LOSSMANN,Tõnis
2731,GOLUBEV,Aleksander
2732,HOLM,Theodor-Gustaf
2733,BERG,Victor-Aleksander
2734,KÜÜN,Edmund-Oskar
2735,STAMM,Leonhard-Johann-Gottfried
2736,RAUTSMA,Juhan
2737,DAMPF,Alfred-Michael-Harald
2738,JÜRGENS,Jakob
2739,POKKATZ,August
2740,PARKJA,Jaan
2741,PEDIUS,August
2742,GROSS,Friedrich-Bruno
2743,PÕHAKO,Kristjan
2744,LUTS,Johannes
2745,PASTAK,Gustav-Aleksander
2746,INGELMANN,Andreas
2747,LEEDMAA,Villem
2748,UIBO,Aleksander
2749,KESKÜLA,Aleksander
2750,NUTT,Juhan
2751,AALBERG,Aleksander-Leopold
2752,KORTIN,Hermann
2753,TURRO,Mart
2754,TETLOV,Arnold-Engelbert
2755,OLLMANN,Johannes
2756,NÕMM,Johannes
2757,OTSING,Arnold
2758,HERNE,Eduard
2759,SARNET,August
2760,HINTERVALD,Vidrik
2761,MEIJEL,Eduard
2762,UIBOPUU,Sergei
2763,REINARTZ,Valdemar-Friedrich
2764,HEREM,Paul-Nikolai-Johann
2765,ERNA,Pavel
2766,TALMAN,Jaan
2767,SUURESAAR,Edgar-Valentin
2768,KARM,Osvald
2769,SAAREPERE,Johannes
2770,VIIDEMAA,Jakob
2771,VENTSEL,August-Eduard
2772,RIOMAR,Friedrich
2773,ILVES,Aleksander
2774,LILLAKAS,Hans
2775,ROOS,Christoph
2776,TERNO,Rudolf
2777,FOLKER,Konstantin-Kristjan-Herbert
2778,VASAR,Eduard-Johannes
2779,ÕUNAPUU,Karl
2780,SERKA,Paul-Eduard
2781,MIILVERK,Jaan
2782,EISO,Vladislav-Ernst-Emanuel
2783,TUURMAA,Arno-Georg
2784,JÄRVAN,Rudolf-Gustav-Martin
2785,PAFF,Robert-Michail-Johann
2786,SARAPUU,Reinhold
2787,TILK,Juhan
2788,RÕIKLA,Johannes
2789,SAVVI,Vitali
2790,TREUMANN,Johann-Voldemar
2791,ANNIK,Ferdinand-Johannes
2792,KENDRA,Julius
2793,RATASSEPP,Leo-Aleksander
2794,PAHV,Eduard-Alexander
2795,RAJANDE,Johann-Albert
2796,KURRE,Maks
2797,LEPIK,Jaan
2798,KOGER,Juhan
2799,LILLAK,Arnold
2800,PELBERG,Joann
2801,PERK,Johannes
2802,PRAKS,Paul
2803,SIHVER,Edmund
2804,VASSIL,Paul
2805,MELTS,Aleks-Henn
2806,ALUJEV,August
2807,KASEMAA,Kaarel
2808,REINVALDT,Ivar-Gottfried-Constantin
2809,RAHUMAA,Mart
2810,RASSI,Himot
2811,NURMBERG,Otto
2812,HIRVELAAN,Hans
2813,KANGRO,Roland
2814,PREES,Aarne
2815,JÄNES,Feliks
2816,TREUFELDT,Otto
2817,SARMISTE,Henn
2818,FISCHER,Nikolai
2819,VEIDERMANN,Johannes
2820,LUBERG,Jakob
2821,VASAR,Johan
2822,ALLIKAS,Jaan
2823,JOHANNES,Adolf-Mihkel
2824,AROL,Aleksander
2825,VENT,Paul
2826,NIEMINEN,Arthur-Hemming
2827,ANT,Evald
2828,TRANKMANN,Konstantin-Nikolai
2829,PAVEL,Karl
2830,TAMMISTE,Robert-Otto-Paul
2831,KURELAUK,Rudolf
2832,PORI,Anton
2833,JAKOBSON,Villem
2834,LINNO,August-Ferdinand
2835,KRONK,Konstantin
2836,KOERN,Tõnis
2837,TIEF,Otto
2838,BACHSTEIN,Aleksis-Roland
2839,TEOSE,August-Johannes
2840,REINVALDT,Edvin-Leopold-Rudolf
2841,KÜGLER,Konrad-Gerhard-Theophil
2842,UUK,Rudolf
2843,RAUDMÄE,Johannes
2844,SUSI,Edgar-Theodor
2845,DERRIK,Aleksander
2846,KASK,Karl
2847,HIIELAID,Hendrik
2848,SEIM,Paul
2849,UNIVER,Peeter
2850,TARIK,Rudolf
2851,MÕTTUS,Johann
2852,OIDERMANN,Otto
2853,KASEKAMP,August
2854,LIIBUS,Eduard-Ervin
2855,KOLTS,Peeter
2856,JALAKAS,Karl-Arnold
2857,PALS,Johannes
2858,RIIVE,Volli
2859,RIBERG,Hans
2860,ANDERSON,Viktor
2861,KAIGAS,Aleksander
2862,LOORITS,Artur
2863,ORMESSON,Karl-Voldemar
2864,LASN,Hugo-Vilhelm
2865,GREGOR,Jaak
2866,JÄRVEKÜLG,Georg-Bernhard
2867,KEERPÄRG,Julius
2868,HUNT,Reinhold-Aleksander
2869,VILLEMI,Karl-Friedrich
2870,MOKS,August
2871,SILIKSAAR,Jaan
2872,TIISLER,Kornelius
2873,KALEV,Georg
2874,KORNEL,Karl-Ferdinand
2875,VENDLA,Jaak
2876,LUKK,Gerhard-Eugen
2877,PEDAK,Ants
2878,MAIM,Richard-Johannes
2879,KANNELAUD,Julius
2880,KINGO,August-Johann
2881,TUTTELBERG,Leonid-Carl-Gustav
2882,KIRNMANN,Evald-Ottokar
2883,ROSE,August-Voldemar
2884,LEIUS,Kaarel
2885,ADLER,Alvin-Amandus
2886,GEBHARDT,Benno-Ferdinand-Leo von
2887,ALAMÄE,Karl
2888,RAUS,Paul-Vilhelm
2889,MUTLI,Artur
2890,LENTS,Vaabu
2891,KALJUVER,Eduard
2892,SCHILLING,Gustav-Otto
2893,KURVITS,Oskar
2894,NAARITS,Kaarel
2895,TOMANDER,August
2896,SARAPUU,August
2897,TENNO,Artur
2898,ARON,August-Eduard
2899,PUUSILD,Jaan
2900,PRUUN,Joosep
2901,GERRETZ,Paul
2902,MOORLAT,Eduard
2903,TUISK,Mart
2904,AINSON,Hans-Karl
2905,SCHVARTZ,August-Voldemar
2906,MALEVITŠ,Aleksander
2907,RENTER,Julius-August
2908,TERRAS,Martin
2909,SIMON,Aleksander
2910,WOJCIECHOWSKI,Stanisław
2911,THUGUTT,Stanisław August
2912,SZUMLAKOWSKI,Marian
2913,WASILEWSKI,Leon
2914,GRABSKI,Władysław Dominik
2915,SKRZYŃSKI,Aleksander Józef
2916,RATAJ,Maciej
2917,TRĄMPCZYŃSKI,Wojciech Stefan
2918,ŁUKAŚIEWICZ,Juliusz
2919,PRZEZDZIECKI,Stefan Józef Leon
2920,DOBRZYŃSKI,Wacław Tadeusz
2921,CHARWAT,Franciszek
2922,NEUMAN,Władysław
2923,MYSZKOWSKI,Aleksander Zygmunt
2924,STANKIEWICZ,Jan
2925,KESSLER,Edmund
2926,JĘDRZEJEWICZ,Wacław
2927,ŻUK,Bronisław
2928,HINTERHOFF,Eugenjusz
2929,TALIKOWSKI,Michał
2930,BRZOZOWSKI,Rajmund Tomasz
2931,BAJER,Michał Ignacy
2932,KUTRZEBA,Tadeusz Andrzej
2933,HELSINGIUS,Karl Birger
2934,HEINO,Toivo Martti
2935,VASA,Aksel Ensio
2936,RELANDER,Lauri Kristian
2937,PROCOPÉ,Johan Hjalmar Fredrik
2938,TULENHEIMO,Antti Agathon
2939,IDMAN,Karl Gustaf
2940,REIJONEN,Emil Erkki
2941,MURTO,Johan Anders
2942,SETÄLÄ,Emil Nestor
2943,ERKKO,Erik Eero
2944,MALMBERG,Kaarlo Lauri Thorvald
2945,AEJMELAEUS-ÄIMÄ,Carl Bror Emil
2946,YRJÖ-KOSKINEN,Aarno Armas Sakari
2947,ARTTI,Pontus Kaarlo
2948,NYKOPP,Albert Olaf
2949,BANGERSKIS,Rūdolfs
2950,ULMANIS,Kārlis Augusts
2951,KALNINGS,Ringolds Frīdrihs Magnuss
2952,SESKIS,Jānis
2953,ALBATS,Hermanis
2954,HOLCMANIS,Vilis
2955,KUPLAIS,Eduards
2956,SANDERS,Miķelis
2957,ZĪVERTS,Voldemārs Oto
2958,KEIZERLINGS,Arčibalds Pēteris Teofils Aleksandrs Gebards Eduards
2959,MUNTERS,Gothards Vilhelms Nikolajs
2960,BUŠS,Kārlis Augusts
2961,RADZIŅŠ,Pēteris Voldemārs
2962,RAMATS,Kārlis Voldemārs
2963,RUŠKEVICS,Jēkabs Rūdolfs
2964,PENIĶIS,Mārtiņš
2965,HARTMANIS,Mārtiņš
2966,LAIMIŅŠ,Eduards Kārlis Osvalds
2967,AIRE,Eduards
2968,TEPFERS,Hugo Herberts
2969,ROZENŠTEINS,Hugo Pēteris
2970,BOJĀRS,Kārlis
2971,AUNIŅŠ,Jānis Alfrēds
2972,PĒTERSONS,Arvīds
2973,KASPARSONS,Mārtiņš Eduards Johans
2974,PRIEDĪTIS,Kārlis
2975,RATNIEKS,Edgars
2976,DANNEBERGS,Artūrs
2977,PENCIS,Kārlis Eduards
2978,SKUJENIEKS,Teodors
2979,SKAISTLAUKS,Voldemārs Johans
2980,DŪŅĒNS,Kārlis
2981,APARNIEKS,Artūrs Osvalds
2982,BĒRTULSONS,Fricis
2983,SIRKS,Augusts Leopolds
2984,KURŠE,Arnolds
2985,KALNIŅŠ,Jānis
2986,OPMANIS,Rūdolfs Valdemars
2987,MĀZIŅŠ,Ādolfs
2988,MEKŠS,Jānis
2989,CHRISTIAN X,
2990,LERCHE,Flemming Emil Harald Albrecht
2991,JOHANSEN,Jens Christian
2992,ARILDSKOV,Max Johannes
2993,GUDME,Peter de HEMMER
2994,JØRGENSEN,Axel Viggo Johannes
2995,ARBOE-LÆSSØE,Hugo Kai
2996,ALBERT I,
2997,HYMANS,Paul Louis Adrien Henri
2998,NICAISE,Michel Edouard
2999,ALVEAR,Marcelo Torcuato de
3000,MANTECÓN,Antonio E.
3001,RESTREPO,Antonio José
3002,STULGINSKIS,Aleksandras
3003,AUKŠTUOLIS,Jonas
3004,GUSTAV V,
3005,UNDÉN,Ulf Torsten
3006,EHRENSVÄRD,Carl August
3007,JAHNKE,Ludvig Georg Otto
3008,HEDMAN,Olof Andreas
3009,RIBEN,Carl Fredrik Wilhelm
3010,DIAZ,Armando Vittorio
3011,HORTHY de NAGYBÁNYA,Miklós
3012,JUNGERTH-ARNÓTHY,Michael
3013,COLEMAN,Frederick William Backus
3014,WHITE,John Campbell
3015,QUARTON,Harold Barlow
3016,SWETT,Trevor Washington Hitchcock
3017,ČAKSTE,Jānis
3018,MEIEROVICS,Zigfrīds Anna
3019,CONTARINI,Salvatore
3020,SFORZA,Carlo
3021,SCHANZER,Carlo
3022,TITTONI,Tommaso
3023,DEPRETIS,Agostino
3024,STRANIERI,Augusto
3025,MUSSOLINI,Benito Amilcare Andrea
3026,VITTORIO EMANUELE III,
3027,CAVRIANI,Giuseppe
3028,BURT,Alfred
3029,FOCH,Ferdinand Jean Marie
3030,PÉTAIN,Henry Philippe Benoni Omer Joseph
3031,DEBENEY,Marie-Eugène
3032,WEYGAND,Maxime Louis
3033,VENNIN,Louis Marie
3034,ARCHEN,Charles Théophile
3035,RANJITSINHJI,Vibhaji
3036,GASPARRI,Pietro
3037,PUCCI,Enrico
3038,CHAGAS,João Pinheiro
3039,ADACHI,Mineichiro
3040,ISHII,Kikujirō
3041,La PRADELLE,Albert Pierre Marie de GEOUFFRE de
3042,SERRUYS,Daniel
3043,FRANKLIN-BOUILLON,Henry
3044,FOUQUIÈRES,Augustin Pierre Becq de
3045,BERTHELOT,Philippe
3046,CLEMENCEAU,Georges Benjamin
3047,BRIAND,Aristide
3048,PAINLEVÉ,Paul
3049,MATHIEU de VIENNE,Louis Alfred Edmond Marie
3050,GAUVAIN,Auguste
3051,JOUVENEL,Henry de
3052,REYNALD,Georges
3053,HONNORAT,André
3054,LAROCHE,Jules Alfred
3055,PERETTI DE LA ROCCA,Comte Emmanuel de
3056,HERRIOT,Édouard
3057,DOUMERGUE,Gaston
3058,POINCARÉ,Raymond
3059,MILLERAND Alexandre,
3060,SEYDOUX,Jacques
3061,GILBERT,André
3062,FRANKLIN,A. E.
3063,THOMAS,Albert
3064,GRANSTEDT,Andrew August
3065,BALFOUR,Arthur James
3066,HARDINGE,Charles
3067,LLOYD GEORGE,David
3068,BEATTY,David Richard
3069,HAIG,Douglas
3070,TURNER,Douglas
3071,GASCOYNE-CECIL,Edgar Algernon Robert
3072,CARR,Edward Hallett
3073,DAWLEY,Ernest Joseph
3074,HOWARD,Esme William
3075,LAMBART,Frederick Rudolph
3076,WILLIAMS,Harold Whitmore
3077,GROVE,Henry Montgomery
3078,FISHER,Herbert Albert Laurens
3079,LLOYD,Humphrey Willis Chetwode
3080,GREGORY,J.
3081,WOLFE-MURRAY,James
3082,LESLIE,James Edmund Peter
3083,DRUMMOND,James Eric
3084,HANBURY-WILLIAMS,John
3085,THORS,John
3086,MILLER,John C.
3087,GROOME,John Charles
3088,VAUGHAN,John Charles Tudor
3089,GREGORY,John Duncan
3090,CHAMBERLAIN,Joseph Austen
3091,GOFF,Park
3092,HANNON,Patrick Joseph Henry
3093,MANTOUX,Paul Joseph
3094,GORDON,Percy
3095,CUNLIFFE-LISTER,Philip
3096,VERDUN,Prantsusmaa kangelaslinn
3097,POWERS,Ray Rivington
3098,LEEPER,Reginald Wildig Allen
3099,GOODDEN,Robert Blundell
3100,McNEILL,Roland John
3101,MEIKLEJOHN,Ronald Forbes
3102,WEMYSS,Rosslyn Erskine
3103,MORISON,Samuel Eliot
3104,BALDWIN,Stanley
3105,FREMANTLE,Sydney Robert
3106,BRIDGEMAN,William Clive
3107,TYRRELL,William George
3108,CHURCHILL,Winston Leonard Spencer
3109,EGERTON,Wion de Malpas
3110,BRITI TUNDMATU SÕDUR,
3111,GEORGE V,
3112,ITAALIA TUNDMATU SÕDUR,
3113,PRANTSUSE TUNDMATU SÕDUR,
3114,FRANKLIN,A. E.
3115,THOMAS,Albert
3116,GRANSTEDT,Andrew August
3117,BALFOUR,Arthur James
3118,HARDINGE,Charles
3119,LLOYD GEORGE,David
3120,BEATTY,David Richard
3121,HAIG,Douglas
3122,TURNER,Douglas
3123,GASCOYNE-CECIL,Edgar Algernon Robert
3124,CARR,Edward Hallett
3125,DAWLEY,Ernest Joseph
3126,HOWARD,Esme William
3127,LAMBART,Frederick Rudolph
3128,WILLIAMS,Harold Whitmore
3129,GROVE,Henry Montgomery
3130,FISHER,Herbert Albert Laurens
3131,LLOYD,Humphrey Willis Chetwode
3132,GREGORY,J.
3133,WOLFE-MURRAY,James
3134,LESLIE,James Edmund Peter
3135,DRUMMOND,James Eric
3136,HANBURY-WILLIAMS,John
3137,THORS,John
3138,MILLER,John C.
3139,GROOME,John Charles
3140,VAUGHAN,John Charles Tudor
3141,GREGORY,John Duncan
3142,CHAMBERLAIN,Joseph Austen
3143,GOFF,Park
3144,HANNON,Patrick Joseph Henry
3145,MANTOUX,Paul Joseph
3146,GORDON,Percy
3147,CUNLIFFE-LISTER,Philip
3148,VERDUN,Prantsusmaa kangelaslinn
3149,POWERS,Ray Rivington
3150,LEEPER,Reginald Wildig Allen
3151,GOODDEN,Robert Blundell
3152,McNEILL,Roland John
3153,MEIKLEJOHN,Ronald Forbes
3154,WEMYSS,Rosslyn Erskine
3155,MORISON,Samuel Eliot
3156,BALDWIN,Stanley
3157,FREMANTLE,Sydney Robert
3158,BRIDGEMAN,William Clive
3159,TYRRELL,William George
3160,CHURCHILL,Winston Leonard Spencer
3161,EGERTON,Wion de Malpas
3162,BRITI TUNDMATU SÕDUR,
3163,GEORGE V,
3164,ITAALIA TUNDMATU SÕDUR,
3165,PRANTSUSE TUNDMATU SÕDUR,